{
"meta":{"test_sets":[],"test_metrics":[],"learn_metrics":[{"best_value":"Min","name":"RMSE"}],"launch_mode":"Train","parameters":"","iteration_count":1000,"learn_sets":["learn"],"name":"experiment"},
"iterations":[
{"learn":[5070.24139],"iteration":0,"passed_time":0.008101461094,"remaining_time":8.093359632},
{"learn":[4985.767457],"iteration":1,"passed_time":0.01460427481,"remaining_time":7.28753313},
{"learn":[4903.194688],"iteration":2,"passed_time":0.02092384647,"remaining_time":6.953691645},
{"learn":[4840.858322],"iteration":3,"passed_time":0.02724592268,"remaining_time":6.784234747},
{"learn":[4770.414406],"iteration":4,"passed_time":0.03345558565,"remaining_time":6.657661545},
{"learn":[4712.592047],"iteration":5,"passed_time":0.03965847588,"remaining_time":6.570087504},
{"learn":[4658.395599],"iteration":6,"passed_time":0.04586867936,"remaining_time":6.5067998},
{"learn":[4607.075581],"iteration":7,"passed_time":0.05214447169,"remaining_time":6.46591449},
{"learn":[4548.997632],"iteration":8,"passed_time":0.05859577254,"remaining_time":6.45204562},
{"learn":[4509.106686],"iteration":9,"passed_time":0.06474612661,"remaining_time":6.409866534},
{"learn":[4472.283334],"iteration":10,"passed_time":0.0707253315,"remaining_time":6.358850259},
{"learn":[4434.079828],"iteration":11,"passed_time":0.07689040415,"remaining_time":6.330643275},
{"learn":[4403.109428],"iteration":12,"passed_time":0.08334841573,"remaining_time":6.328068179},
{"learn":[4369.434317],"iteration":13,"passed_time":0.09041534167,"remaining_time":6.367823349},
{"learn":[4335.389811],"iteration":14,"passed_time":0.09666378539,"remaining_time":6.347588574},
{"learn":[4305.43657],"iteration":15,"passed_time":0.1023572162,"remaining_time":6.294968799},
{"learn":[4277.622849],"iteration":16,"passed_time":0.108453769,"remaining_time":6.271179702},
{"learn":[4249.109605],"iteration":17,"passed_time":0.1142392634,"remaining_time":6.232386479},
{"learn":[4224.353506],"iteration":18,"passed_time":0.119631144,"remaining_time":6.176744854},
{"learn":[4200.65761],"iteration":19,"passed_time":0.1253069333,"remaining_time":6.140039732},
{"learn":[4182.236005],"iteration":20,"passed_time":0.1310573841,"remaining_time":6.109770432},
{"learn":[4162.799702],"iteration":21,"passed_time":0.1370519168,"remaining_time":6.092580666},
{"learn":[4140.907397],"iteration":22,"passed_time":0.1434994804,"remaining_time":6.095608363},
{"learn":[4122.819669],"iteration":23,"passed_time":0.1497063731,"remaining_time":6.088059174},
{"learn":[4097.862578],"iteration":24,"passed_time":0.155654942,"remaining_time":6.070542739},
{"learn":[4070.235146],"iteration":25,"passed_time":0.1629743455,"remaining_time":6.105269711},
{"learn":[4053.317032],"iteration":26,"passed_time":0.168946478,"remaining_time":6.088330486},
{"learn":[4035.689801],"iteration":27,"passed_time":0.1752819681,"remaining_time":6.08478832},
{"learn":[4018.30242],"iteration":28,"passed_time":0.1806266183,"remaining_time":6.047877461},
{"learn":[4004.904526],"iteration":29,"passed_time":0.1858109738,"remaining_time":6.007888153},
{"learn":[3977.587792],"iteration":30,"passed_time":0.1911623105,"remaining_time":5.975363834},
{"learn":[3962.132546],"iteration":31,"passed_time":0.1964605719,"remaining_time":5.9429323},
{"learn":[3941.919342],"iteration":32,"passed_time":0.2016476304,"remaining_time":5.908886624},
{"learn":[3931.311757],"iteration":33,"passed_time":0.206948477,"remaining_time":5.879771434},
{"learn":[3915.94443],"iteration":34,"passed_time":0.2124704128,"remaining_time":5.858112809},
{"learn":[3900.979507],"iteration":35,"passed_time":0.2175196921,"remaining_time":5.824693976},
{"learn":[3889.240353],"iteration":36,"passed_time":0.2229871802,"remaining_time":5.803693364},
{"learn":[3873.144357],"iteration":37,"passed_time":0.2283315446,"remaining_time":5.780393315},
{"learn":[3852.111012],"iteration":38,"passed_time":0.233719448,"remaining_time":5.759086912},
{"learn":[3839.473172],"iteration":39,"passed_time":0.2397295284,"remaining_time":5.753508682},
{"learn":[3826.073072],"iteration":40,"passed_time":0.2450098168,"remaining_time":5.730839373},
{"learn":[3816.317787],"iteration":41,"passed_time":0.2501375793,"remaining_time":5.70551907},
{"learn":[3802.51836],"iteration":42,"passed_time":0.2556457301,"remaining_time":5.689603806},
{"learn":[3782.710029],"iteration":43,"passed_time":0.2609209903,"remaining_time":5.669101516},
{"learn":[3768.811323],"iteration":44,"passed_time":0.2660313603,"remaining_time":5.645776646},
{"learn":[3760.136523],"iteration":45,"passed_time":0.2712397279,"remaining_time":5.625276096},
{"learn":[3748.700872],"iteration":46,"passed_time":0.276011094,"remaining_time":5.596565375},
{"learn":[3738.221216],"iteration":47,"passed_time":0.2807523456,"remaining_time":5.568254855},
{"learn":[3728.633421],"iteration":48,"passed_time":0.2855816368,"remaining_time":5.542615032},
{"learn":[3722.089082],"iteration":49,"passed_time":0.2904223987,"remaining_time":5.518025575},
{"learn":[3710.434278],"iteration":50,"passed_time":0.2952148636,"remaining_time":5.493311873},
{"learn":[3699.59407],"iteration":51,"passed_time":0.3002857721,"remaining_time":5.474440614},
{"learn":[3690.99062],"iteration":52,"passed_time":0.3051727277,"remaining_time":5.452803267},
{"learn":[3680.386857],"iteration":53,"passed_time":0.3100174272,"remaining_time":5.43104604},
{"learn":[3670.400684],"iteration":54,"passed_time":0.3148477402,"remaining_time":5.409656627},
{"learn":[3666.181375],"iteration":55,"passed_time":0.3198905979,"remaining_time":5.392441507},
{"learn":[3660.249967],"iteration":56,"passed_time":0.3248286561,"remaining_time":5.373919697},
{"learn":[3653.526939],"iteration":57,"passed_time":0.3295887018,"remaining_time":5.352975122},
{"learn":[3642.074592],"iteration":58,"passed_time":0.3346438722,"remaining_time":5.337286165},
{"learn":[3631.385427],"iteration":59,"passed_time":0.3394468056,"remaining_time":5.317999954},
{"learn":[3625.292223],"iteration":60,"passed_time":0.344223281,"remaining_time":5.298781326},
{"learn":[3616.405529],"iteration":61,"passed_time":0.3493709691,"remaining_time":5.285644662},
{"learn":[3608.618698],"iteration":62,"passed_time":0.3541941291,"remaining_time":5.267934905},
{"learn":[3603.943694],"iteration":63,"passed_time":0.358838375,"remaining_time":5.248011234},
{"learn":[3598.867403],"iteration":64,"passed_time":0.3637795488,"remaining_time":5.232828895},
{"learn":[3586.410708],"iteration":65,"passed_time":0.3687097834,"remaining_time":5.217802086},
{"learn":[3583.061076],"iteration":66,"passed_time":0.3734781636,"remaining_time":5.200822786},
{"learn":[3574.361149],"iteration":67,"passed_time":0.3782918665,"remaining_time":5.184823818},
{"learn":[3568.84204],"iteration":68,"passed_time":0.383174895,"remaining_time":5.170084453},
{"learn":[3563.498768],"iteration":69,"passed_time":0.3879773876,"remaining_time":5.154556721},
{"learn":[3558.383897],"iteration":70,"passed_time":0.3927410799,"remaining_time":5.138823425},
{"learn":[3553.157087],"iteration":71,"passed_time":0.3979853029,"remaining_time":5.129588349},
{"learn":[3545.099798],"iteration":72,"passed_time":0.4028714471,"remaining_time":5.115915499},
{"learn":[3537.511828],"iteration":73,"passed_time":0.407634969,"remaining_time":5.100945693},
{"learn":[3530.042081],"iteration":74,"passed_time":0.4128366449,"remaining_time":5.091651954},
{"learn":[3523.662452],"iteration":75,"passed_time":0.4183248897,"remaining_time":5.085949975},
{"learn":[3519.466672],"iteration":76,"passed_time":0.4229709087,"remaining_time":5.070157776},
{"learn":[3510.220859],"iteration":77,"passed_time":0.4278396413,"remaining_time":5.057283965},
{"learn":[3502.439026],"iteration":78,"passed_time":0.4327544579,"remaining_time":5.045150073},
{"learn":[3495.628412],"iteration":79,"passed_time":0.4376967333,"remaining_time":5.033512433},
{"learn":[3489.499018],"iteration":80,"passed_time":0.4427574944,"remaining_time":5.023384411},
{"learn":[3484.473922],"iteration":81,"passed_time":0.4478451332,"remaining_time":5.013680881},
{"learn":[3475.370717],"iteration":82,"passed_time":0.4528261793,"remaining_time":5.002910921},
{"learn":[3470.79882],"iteration":83,"passed_time":0.4580154027,"remaining_time":4.994548915},
{"learn":[3466.522468],"iteration":84,"passed_time":0.4632128409,"remaining_time":4.986349993},
{"learn":[3460.006497],"iteration":85,"passed_time":0.4681430049,"remaining_time":4.975380307},
{"learn":[3455.503396],"iteration":86,"passed_time":0.4730908208,"remaining_time":4.964734705},
{"learn":[3449.799317],"iteration":87,"passed_time":0.4782662992,"remaining_time":4.95657801},
{"learn":[3444.647781],"iteration":88,"passed_time":0.4832738033,"remaining_time":4.94676893},
{"learn":[3439.984103],"iteration":89,"passed_time":0.4882409042,"remaining_time":4.936658031},
{"learn":[3435.988324],"iteration":90,"passed_time":0.4930303831,"remaining_time":4.924885915},
{"learn":[3431.244846],"iteration":91,"passed_time":0.4979573012,"remaining_time":4.91462206},
{"learn":[3425.969932],"iteration":92,"passed_time":0.5027792891,"remaining_time":4.903449626},
{"learn":[3420.22643],"iteration":93,"passed_time":0.5080467342,"remaining_time":4.896705757},
{"learn":[3415.468277],"iteration":94,"passed_time":0.5132898953,"remaining_time":4.889761634},
{"learn":[3410.327477],"iteration":95,"passed_time":0.5182506952,"remaining_time":4.880194047},
{"learn":[3406.517497],"iteration":96,"passed_time":0.5233841475,"remaining_time":4.872328714},
{"learn":[3403.537411],"iteration":97,"passed_time":0.5282859796,"remaining_time":4.862387282},
{"learn":[3398.784464],"iteration":98,"passed_time":0.5334132808,"remaining_time":4.854599657},
{"learn":[3392.514309],"iteration":99,"passed_time":0.5382218444,"remaining_time":4.843996599},
{"learn":[3387.515908],"iteration":100,"passed_time":0.5432054151,"remaining_time":4.835066021},
{"learn":[3381.605361],"iteration":101,"passed_time":0.5479155002,"remaining_time":4.82380509},
{"learn":[3377.880746],"iteration":102,"passed_time":0.5528154894,"remaining_time":4.814325185},
{"learn":[3374.440053],"iteration":103,"passed_time":0.557656031,"remaining_time":4.80442119},
{"learn":[3369.401025],"iteration":104,"passed_time":0.5625273587,"remaining_time":4.794876058},
{"learn":[3360.81022],"iteration":105,"passed_time":0.5675443099,"remaining_time":4.786647293},
{"learn":[3356.603697],"iteration":106,"passed_time":0.572302061,"remaining_time":4.776315331},
{"learn":[3349.229192],"iteration":107,"passed_time":0.5772205437,"remaining_time":4.76741412},
{"learn":[3344.97614],"iteration":108,"passed_time":0.5822614984,"remaining_time":4.759587111},
{"learn":[3337.814877],"iteration":109,"passed_time":0.5872982355,"remaining_time":4.751776632},
{"learn":[3333.690554],"iteration":110,"passed_time":0.5921364127,"remaining_time":4.742425864},
{"learn":[3331.092959],"iteration":111,"passed_time":0.5970619788,"remaining_time":4.733848546},
{"learn":[3329.164542],"iteration":112,"passed_time":0.6019033318,"remaining_time":4.724674825},
{"learn":[3326.155015],"iteration":113,"passed_time":0.6069789435,"remaining_time":4.717397754},
{"learn":[3321.831191],"iteration":114,"passed_time":0.6121993186,"remaining_time":4.711273017},
{"learn":[3318.11984],"iteration":115,"passed_time":0.6170346206,"remaining_time":4.70222935},
{"learn":[3313.087003],"iteration":116,"passed_time":0.6222800759,"remaining_time":4.696353051},
{"learn":[3307.166067],"iteration":117,"passed_time":0.6273718026,"remaining_time":4.689338389},
{"learn":[3303.796889],"iteration":118,"passed_time":0.6326943275,"remaining_time":4.684064727},
{"learn":[3298.855944],"iteration":119,"passed_time":0.6377250947,"remaining_time":4.676650694},
{"learn":[3295.868786],"iteration":120,"passed_time":0.6434786602,"remaining_time":4.674526796},
{"learn":[3290.787871],"iteration":121,"passed_time":0.6483235897,"remaining_time":4.665804195},
{"learn":[3287.204589],"iteration":122,"passed_time":0.6533473527,"remaining_time":4.658419743},
{"learn":[3283.965883],"iteration":123,"passed_time":0.65851665,"remaining_time":4.652101495},
{"learn":[3280.066456],"iteration":124,"passed_time":0.6637461864,"remaining_time":4.646223305},
{"learn":[3278.098001],"iteration":125,"passed_time":0.6688231163,"remaining_time":4.639296854},
{"learn":[3271.55466],"iteration":126,"passed_time":0.6744665031,"remaining_time":4.636293364},
{"learn":[3267.813797],"iteration":127,"passed_time":0.6794081879,"remaining_time":4.62846828},
{"learn":[3263.094693],"iteration":128,"passed_time":0.6846434943,"remaining_time":4.622670415},
{"learn":[3258.021398],"iteration":129,"passed_time":0.6903793592,"remaining_time":4.620231096},
{"learn":[3254.450583],"iteration":130,"passed_time":0.6954099041,"remaining_time":4.613062646},
{"learn":[3251.829857],"iteration":131,"passed_time":0.7001879123,"remaining_time":4.604265969},
{"learn":[3248.98366],"iteration":132,"passed_time":0.7056912801,"remaining_time":4.600258195},
{"learn":[3246.725344],"iteration":133,"passed_time":0.710911274,"remaining_time":4.594396741},
{"learn":[3243.496249],"iteration":134,"passed_time":0.7158512104,"remaining_time":4.586750348},
{"learn":[3239.473638],"iteration":135,"passed_time":0.7208116592,"remaining_time":4.57927407},
{"learn":[3238.41065],"iteration":136,"passed_time":0.7258677866,"remaining_time":4.572437225},
{"learn":[3235.542467],"iteration":137,"passed_time":0.731086805,"remaining_time":4.566643666},
{"learn":[3231.177585],"iteration":138,"passed_time":0.736490537,"remaining_time":4.562002535},
{"learn":[3226.591475],"iteration":139,"passed_time":0.7415721545,"remaining_time":4.555371806},
{"learn":[3222.033341],"iteration":140,"passed_time":0.7468654769,"remaining_time":4.550052799},
{"learn":[3215.665679],"iteration":141,"passed_time":0.7519164598,"remaining_time":4.543269877},
{"learn":[3210.884274],"iteration":142,"passed_time":0.757616183,"remaining_time":4.540399083},
{"learn":[3206.715919],"iteration":143,"passed_time":0.762491322,"remaining_time":4.532587303},
{"learn":[3202.085645],"iteration":144,"passed_time":0.7674865638,"remaining_time":4.525524221},
{"learn":[3197.316837],"iteration":145,"passed_time":0.7733195089,"remaining_time":4.523389456},
{"learn":[3193.90544],"iteration":146,"passed_time":0.7784208883,"remaining_time":4.516959304},
{"learn":[3189.761551],"iteration":147,"passed_time":0.7833116909,"remaining_time":4.509334869},
{"learn":[3187.00354],"iteration":148,"passed_time":0.7888609968,"remaining_time":4.505508109},
{"learn":[3184.157524],"iteration":149,"passed_time":0.7938928245,"remaining_time":4.498726005},
{"learn":[3180.819355],"iteration":150,"passed_time":0.799105601,"remaining_time":4.492984472},
{"learn":[3178.949289],"iteration":151,"passed_time":0.8048091063,"remaining_time":4.489987646},
{"learn":[3174.010195],"iteration":152,"passed_time":0.8097897112,"remaining_time":4.482953499},
{"learn":[3169.523906],"iteration":153,"passed_time":0.8151413097,"remaining_time":4.477984078},
{"learn":[3167.100782],"iteration":154,"passed_time":0.8214211389,"remaining_time":4.47807008},
{"learn":[3163.475035],"iteration":155,"passed_time":0.8270046672,"remaining_time":4.474307302},
{"learn":[3160.527458],"iteration":156,"passed_time":0.8324400667,"remaining_time":4.469725963},
{"learn":[3153.616033],"iteration":157,"passed_time":0.8379604793,"remaining_time":4.465586858},
{"learn":[3150.077367],"iteration":158,"passed_time":0.8430917977,"remaining_time":4.459372339},
{"learn":[3146.942835],"iteration":159,"passed_time":0.8485012702,"remaining_time":4.454631668},
{"learn":[3143.683833],"iteration":160,"passed_time":0.8539732612,"remaining_time":4.450208485},
{"learn":[3137.752176],"iteration":161,"passed_time":0.8588046762,"remaining_time":4.442458757},
{"learn":[3133.906418],"iteration":162,"passed_time":0.8637863983,"remaining_time":4.435516659},
{"learn":[3131.875714],"iteration":163,"passed_time":0.8696094655,"remaining_time":4.432887275},
{"learn":[3126.43165],"iteration":164,"passed_time":0.8748461806,"remaining_time":4.427251884},
{"learn":[3124.352551],"iteration":165,"passed_time":0.8799106369,"remaining_time":4.420755851},
{"learn":[3121.441694],"iteration":166,"passed_time":0.8851177632,"remaining_time":4.414988603},
{"learn":[3116.231939],"iteration":167,"passed_time":0.8901765402,"remaining_time":4.408493342},
{"learn":[3111.84145],"iteration":168,"passed_time":0.895582606,"remaining_time":4.403722755},
{"learn":[3109.882937],"iteration":169,"passed_time":0.9009046348,"remaining_time":4.398534394},
{"learn":[3107.385182],"iteration":170,"passed_time":0.9058006969,"remaining_time":4.391279402},
{"learn":[3103.856351],"iteration":171,"passed_time":0.911065753,"remaining_time":4.38582816},
{"learn":[3100.086541],"iteration":172,"passed_time":0.9165245453,"remaining_time":4.381305196},
{"learn":[3097.593385],"iteration":173,"passed_time":0.9216178854,"remaining_time":4.375036628},
{"learn":[3096.247354],"iteration":174,"passed_time":0.9264379398,"remaining_time":4.367493145},
{"learn":[3094.213925],"iteration":175,"passed_time":0.9317601933,"remaining_time":4.362331814},
{"learn":[3088.797641],"iteration":176,"passed_time":0.9371497301,"remaining_time":4.357481513},
{"learn":[3084.668629],"iteration":177,"passed_time":0.9424287757,"remaining_time":4.352114908},
{"learn":[3081.13582],"iteration":178,"passed_time":0.9471534273,"remaining_time":4.344206502},
{"learn":[3076.701374],"iteration":179,"passed_time":0.952951534,"remaining_time":4.341223655},
{"learn":[3073.678779],"iteration":180,"passed_time":0.9585620307,"remaining_time":4.337360791},
{"learn":[3073.029361],"iteration":181,"passed_time":0.9635480163,"remaining_time":4.330671853},
{"learn":[3069.117841],"iteration":182,"passed_time":0.9687314687,"remaining_time":4.324883114},
{"learn":[3065.692329],"iteration":183,"passed_time":0.9734215276,"remaining_time":4.316912861},
{"learn":[3062.146351],"iteration":184,"passed_time":0.978312822,"remaining_time":4.309864594},
{"learn":[3058.909726],"iteration":185,"passed_time":0.9840103455,"remaining_time":4.306367856},
{"learn":[3057.17162],"iteration":186,"passed_time":0.9886986111,"remaining_time":4.298459737},
{"learn":[3054.311876],"iteration":187,"passed_time":0.9934816083,"remaining_time":4.290995032},
{"learn":[3052.3199],"iteration":188,"passed_time":0.9987758372,"remaining_time":4.285752402},
{"learn":[3047.496685],"iteration":189,"passed_time":1.003851319,"remaining_time":4.279576677},
{"learn":[3044.1547],"iteration":190,"passed_time":1.008818069,"remaining_time":4.272951928},
{"learn":[3041.755928],"iteration":191,"passed_time":1.01404358,"remaining_time":4.267433397},
{"learn":[3036.990545],"iteration":192,"passed_time":1.018882809,"remaining_time":4.260302728},
{"learn":[3035.2312],"iteration":193,"passed_time":1.023656498,"remaining_time":4.252923389},
{"learn":[3032.869711],"iteration":194,"passed_time":1.028772609,"remaining_time":4.246984362},
{"learn":[3028.738738],"iteration":195,"passed_time":1.03365653,"remaining_time":4.240101274},
{"learn":[3026.269461],"iteration":196,"passed_time":1.03830349,"remaining_time":4.232272601},
{"learn":[3024.565927],"iteration":197,"passed_time":1.043189133,"remaining_time":4.225442852},
{"learn":[3020.451468],"iteration":198,"passed_time":1.048557942,"remaining_time":4.220577444},
{"learn":[3017.086975],"iteration":199,"passed_time":1.053312918,"remaining_time":4.213251673},
{"learn":[3016.27055],"iteration":200,"passed_time":1.057909167,"remaining_time":4.20532052},
{"learn":[3014.232582],"iteration":201,"passed_time":1.06277802,"remaining_time":4.198499307},
{"learn":[3012.318486],"iteration":202,"passed_time":1.067520083,"remaining_time":4.191199538},
{"learn":[3008.757212],"iteration":203,"passed_time":1.072525183,"remaining_time":4.184951203},
{"learn":[3004.997174],"iteration":204,"passed_time":1.077394982,"remaining_time":4.178190296},
{"learn":[3004.563866],"iteration":205,"passed_time":1.082014649,"remaining_time":4.170483646},
{"learn":[3000.172452],"iteration":206,"passed_time":1.08689399,"remaining_time":4.163801616},
{"learn":[2997.502639],"iteration":207,"passed_time":1.091751873,"remaining_time":4.15705521},
{"learn":[2992.500507],"iteration":208,"passed_time":1.096831268,"remaining_time":4.151165229},
{"learn":[2989.524835],"iteration":209,"passed_time":1.102016644,"remaining_time":4.145681661},
{"learn":[2986.838179],"iteration":210,"passed_time":1.10665561,"remaining_time":4.138157709},
{"learn":[2984.53165],"iteration":211,"passed_time":1.111632599,"remaining_time":4.131917397},
{"learn":[2980.48878],"iteration":212,"passed_time":1.116507203,"remaining_time":4.125310651},
{"learn":[2977.245856],"iteration":213,"passed_time":1.12110268,"remaining_time":4.117694891},
{"learn":[2974.906274],"iteration":214,"passed_time":1.126089111,"remaining_time":4.111534661},
{"learn":[2973.081075],"iteration":215,"passed_time":1.130873481,"remaining_time":4.104651893},
{"learn":[2968.023947],"iteration":216,"passed_time":1.135940337,"remaining_time":4.09880776},
{"learn":[2963.891894],"iteration":217,"passed_time":1.141217942,"remaining_time":4.093726744},
{"learn":[2960.660929],"iteration":218,"passed_time":1.146602008,"remaining_time":4.089023598},
{"learn":[2957.929139],"iteration":219,"passed_time":1.152149911,"remaining_time":4.084895138},
{"learn":[2954.597564],"iteration":220,"passed_time":1.157178673,"remaining_time":4.07892392},
{"learn":[2952.423543],"iteration":221,"passed_time":1.162346568,"remaining_time":4.073448782},
{"learn":[2951.933298],"iteration":222,"passed_time":1.166840702,"remaining_time":4.065628814},
{"learn":[2947.98531],"iteration":223,"passed_time":1.171589266,"remaining_time":4.058719958},
{"learn":[2943.933973],"iteration":224,"passed_time":1.176696641,"remaining_time":4.053066209},
{"learn":[2938.883042],"iteration":225,"passed_time":1.181886696,"remaining_time":4.047700455},
{"learn":[2936.27673],"iteration":226,"passed_time":1.18658503,"remaining_time":4.040661798},
{"learn":[2933.819299],"iteration":227,"passed_time":1.191730495,"remaining_time":4.03515764},
{"learn":[2929.256019],"iteration":228,"passed_time":1.196648416,"remaining_time":4.02889052},
{"learn":[2926.531223],"iteration":229,"passed_time":1.201427566,"remaining_time":4.022170548},
{"learn":[2923.67571],"iteration":230,"passed_time":1.206507602,"remaining_time":4.016469029},
{"learn":[2920.692695],"iteration":231,"passed_time":1.211542706,"remaining_time":4.010624129},
{"learn":[2917.782501],"iteration":232,"passed_time":1.216580505,"remaining_time":4.004795054},
{"learn":[2915.488468],"iteration":233,"passed_time":1.221894685,"remaining_time":3.999877472},
{"learn":[2914.708592],"iteration":234,"passed_time":1.226696606,"remaining_time":3.993288952},
{"learn":[2912.333592],"iteration":235,"passed_time":1.231488109,"remaining_time":3.986681843},
{"learn":[2909.258694],"iteration":236,"passed_time":1.236222818,"remaining_time":3.979907217},
{"learn":[2906.326148],"iteration":237,"passed_time":1.241326617,"remaining_time":3.974331438},
{"learn":[2903.067477],"iteration":238,"passed_time":1.246347265,"remaining_time":3.968494848},
{"learn":[2899.150813],"iteration":239,"passed_time":1.251308195,"remaining_time":3.96247595},
{"learn":[2896.82923],"iteration":240,"passed_time":1.256329744,"remaining_time":3.956656746},
{"learn":[2895.791098],"iteration":241,"passed_time":1.261037976,"remaining_time":3.949862751},
{"learn":[2893.154046],"iteration":242,"passed_time":1.26603471,"remaining_time":3.943984674},
{"learn":[2890.20821],"iteration":243,"passed_time":1.270961328,"remaining_time":3.937896573},
{"learn":[2887.965904],"iteration":244,"passed_time":1.275825943,"remaining_time":3.931626886},
{"learn":[2885.443461],"iteration":245,"passed_time":1.280782254,"remaining_time":3.925649674},
{"learn":[2883.40306],"iteration":246,"passed_time":1.285524107,"remaining_time":3.919026934},
{"learn":[2880.596789],"iteration":247,"passed_time":1.290333672,"remaining_time":3.912624684},
{"learn":[2878.154285],"iteration":248,"passed_time":1.295106932,"remaining_time":3.906125727},
{"learn":[2875.662502],"iteration":249,"passed_time":1.300106873,"remaining_time":3.900320619},
{"learn":[2872.015251],"iteration":250,"passed_time":1.305139532,"remaining_time":3.89461956},
{"learn":[2868.221481],"iteration":251,"passed_time":1.310463705,"remaining_time":3.889789092},
{"learn":[2866.873863],"iteration":252,"passed_time":1.315963146,"remaining_time":3.885472212},
{"learn":[2865.236005],"iteration":253,"passed_time":1.321303994,"remaining_time":3.880680235},
{"learn":[2861.968796],"iteration":254,"passed_time":1.326558605,"remaining_time":3.875632004},
{"learn":[2860.389681],"iteration":255,"passed_time":1.331591135,"remaining_time":3.869936737},
{"learn":[2855.475228],"iteration":256,"passed_time":1.336855615,"remaining_time":3.864917206},
{"learn":[2852.656102],"iteration":257,"passed_time":1.342122299,"remaining_time":3.859902115},
{"learn":[2850.597355],"iteration":258,"passed_time":1.347437781,"remaining_time":3.855024694},
{"learn":[2847.971301],"iteration":259,"passed_time":1.352558631,"remaining_time":3.84958995},
{"learn":[2844.732931],"iteration":260,"passed_time":1.357856871,"remaining_time":3.844659876},
{"learn":[2840.937497],"iteration":261,"passed_time":1.36307611,"remaining_time":3.839504461},
{"learn":[2837.762264],"iteration":262,"passed_time":1.368482245,"remaining_time":3.834872299},
{"learn":[2835.06285],"iteration":263,"passed_time":1.373925879,"remaining_time":3.830338816},
{"learn":[2834.059298],"iteration":264,"passed_time":1.379117177,"remaining_time":3.825098586},
{"learn":[2832.461393],"iteration":265,"passed_time":1.384140691,"remaining_time":3.81939574},
{"learn":[2830.953208],"iteration":266,"passed_time":1.389578234,"remaining_time":3.814834627},
{"learn":[2827.681772],"iteration":267,"passed_time":1.394859513,"remaining_time":3.809840163},
{"learn":[2826.012702],"iteration":268,"passed_time":1.399607768,"remaining_time":3.803395086},
{"learn":[2825.164662],"iteration":269,"passed_time":1.404873981,"remaining_time":3.798362987},
{"learn":[2821.887754],"iteration":270,"passed_time":1.410213527,"remaining_time":3.793526424},
{"learn":[2818.87213],"iteration":271,"passed_time":1.415467913,"remaining_time":3.788458237},
{"learn":[2816.327342],"iteration":272,"passed_time":1.421161956,"remaining_time":3.784559495},
{"learn":[2813.465833],"iteration":273,"passed_time":1.426240579,"remaining_time":3.779017008},
{"learn":[2810.475826],"iteration":274,"passed_time":1.431622381,"remaining_time":3.774277186},
{"learn":[2808.208487],"iteration":275,"passed_time":1.43726182,"remaining_time":3.770208543},
{"learn":[2805.298891],"iteration":276,"passed_time":1.44260078,"remaining_time":3.765344275},
{"learn":[2803.219046],"iteration":277,"passed_time":1.447657939,"remaining_time":3.759744719},
{"learn":[2800.532009],"iteration":278,"passed_time":1.45314122,"remaining_time":3.755250251},
{"learn":[2798.956558],"iteration":279,"passed_time":1.458217584,"remaining_time":3.749702359},
{"learn":[2797.475756],"iteration":280,"passed_time":1.463250935,"remaining_time":3.744047766},
{"learn":[2796.805759],"iteration":281,"passed_time":1.468287162,"remaining_time":3.738404901},
{"learn":[2793.379734],"iteration":282,"passed_time":1.473565837,"remaining_time":3.733380584},
{"learn":[2791.9568],"iteration":283,"passed_time":1.47855032,"remaining_time":3.727612778},
{"learn":[2790.913147],"iteration":284,"passed_time":1.483771846,"remaining_time":3.722445158},
{"learn":[2787.967196],"iteration":285,"passed_time":1.488905945,"remaining_time":3.717058898},
{"learn":[2784.805435],"iteration":286,"passed_time":1.494086132,"remaining_time":3.711788893},
{"learn":[2782.141564],"iteration":287,"passed_time":1.499312633,"remaining_time":3.70663401},
{"learn":[2778.519601],"iteration":288,"passed_time":1.504583609,"remaining_time":3.701588048},
{"learn":[2777.359045],"iteration":289,"passed_time":1.509295192,"remaining_time":3.695170986},
{"learn":[2775.682977],"iteration":290,"passed_time":1.514534666,"remaining_time":3.690051815},
{"learn":[2772.412894],"iteration":291,"passed_time":1.520090304,"remaining_time":3.685698408},
{"learn":[2769.559522],"iteration":292,"passed_time":1.525580151,"remaining_time":3.681178045},
{"learn":[2766.944104],"iteration":293,"passed_time":1.53037498,"remaining_time":3.674982095},
{"learn":[2765.691308],"iteration":294,"passed_time":1.53574455,"remaining_time":3.67016918},
{"learn":[2763.322564],"iteration":295,"passed_time":1.541146048,"remaining_time":3.665428439},
{"learn":[2760.691168],"iteration":296,"passed_time":1.546274842,"remaining_time":3.660037758},
{"learn":[2757.462644],"iteration":297,"passed_time":1.551690205,"remaining_time":3.655323907},
{"learn":[2757.27697],"iteration":298,"passed_time":1.556317971,"remaining_time":3.648758856},
{"learn":[2755.234797],"iteration":299,"passed_time":1.561564098,"remaining_time":3.643649561},
{"learn":[2753.463235],"iteration":300,"passed_time":1.567074689,"remaining_time":3.639153513},
{"learn":[2752.034384],"iteration":301,"passed_time":1.572140393,"remaining_time":3.633622498},
{"learn":[2749.762783],"iteration":302,"passed_time":1.577018863,"remaining_time":3.627663854},
{"learn":[2748.621056],"iteration":303,"passed_time":1.582413148,"remaining_time":3.62289326},
{"learn":[2745.981386],"iteration":304,"passed_time":1.587682397,"remaining_time":3.617833659},
{"learn":[2743.391396],"iteration":305,"passed_time":1.592811101,"remaining_time":3.612453936},
{"learn":[2742.418459],"iteration":306,"passed_time":1.598164882,"remaining_time":3.607583919},
{"learn":[2741.296767],"iteration":307,"passed_time":1.603435873,"remaining_time":3.602524755},
{"learn":[2739.891788],"iteration":308,"passed_time":1.608500531,"remaining_time":3.597002806},
{"learn":[2737.537],"iteration":309,"passed_time":1.613712932,"remaining_time":3.591812654},
{"learn":[2736.809723],"iteration":310,"passed_time":1.618785759,"remaining_time":3.586313144},
{"learn":[2734.706885],"iteration":311,"passed_time":1.629386499,"remaining_time":3.593006126},
{"learn":[2731.349394],"iteration":312,"passed_time":1.634759345,"remaining_time":3.588113961},
{"learn":[2730.440101],"iteration":313,"passed_time":1.639369719,"remaining_time":3.581552953},
{"learn":[2727.627473],"iteration":314,"passed_time":1.644588115,"remaining_time":3.576326536},
{"learn":[2724.965358],"iteration":315,"passed_time":1.650065101,"remaining_time":3.571659902},
{"learn":[2722.986322],"iteration":316,"passed_time":1.655216535,"remaining_time":3.56628673},
{"learn":[2719.669763],"iteration":317,"passed_time":1.660199194,"remaining_time":3.560552988},
{"learn":[2717.001025],"iteration":318,"passed_time":1.665929568,"remaining_time":3.556420175},
{"learn":[2714.777464],"iteration":319,"passed_time":1.671036142,"remaining_time":3.550951801},
{"learn":[2712.888027],"iteration":320,"passed_time":1.676154317,"remaining_time":3.545510221},
{"learn":[2710.302539],"iteration":321,"passed_time":1.681584767,"remaining_time":3.540728173},
{"learn":[2708.309572],"iteration":322,"passed_time":1.686588455,"remaining_time":3.535047628},
{"learn":[2707.474976],"iteration":323,"passed_time":1.691386158,"remaining_time":3.528941491},
{"learn":[2704.890835],"iteration":324,"passed_time":1.696957659,"remaining_time":3.524450522},
{"learn":[2702.092013],"iteration":325,"passed_time":1.702313359,"remaining_time":3.519506761},
{"learn":[2700.154058],"iteration":326,"passed_time":1.707151006,"remaining_time":3.513494271},
{"learn":[2698.634984],"iteration":327,"passed_time":1.712642396,"remaining_time":3.508828324},
{"learn":[2696.300268],"iteration":328,"passed_time":1.7181191,"remaining_time":3.504127405},
{"learn":[2694.111191],"iteration":329,"passed_time":1.722894654,"remaining_time":3.497998237},
{"learn":[2692.199565],"iteration":330,"passed_time":1.72812951,"remaining_time":3.492805566},
{"learn":[2689.755402],"iteration":331,"passed_time":1.73338831,"remaining_time":3.487660817},
{"learn":[2688.173522],"iteration":332,"passed_time":1.738598351,"remaining_time":3.482417718},
{"learn":[2686.52647],"iteration":333,"passed_time":1.743475219,"remaining_time":3.476510467},
{"learn":[2684.131947],"iteration":334,"passed_time":1.748556206,"remaining_time":3.471014559},
{"learn":[2681.95258],"iteration":335,"passed_time":1.753755938,"remaining_time":3.465755783},
{"learn":[2680.166561],"iteration":336,"passed_time":1.758993258,"remaining_time":3.460571306},
{"learn":[2678.658032],"iteration":337,"passed_time":1.764126019,"remaining_time":3.45518173},
{"learn":[2675.993267],"iteration":338,"passed_time":1.769474752,"remaining_time":3.450214781},
{"learn":[2673.883834],"iteration":339,"passed_time":1.775241131,"remaining_time":3.446056314},
{"learn":[2671.636206],"iteration":340,"passed_time":1.780580342,"remaining_time":3.441062889},
{"learn":[2670.625044],"iteration":341,"passed_time":1.78541918,"remaining_time":3.435104738},
{"learn":[2668.858633],"iteration":342,"passed_time":1.791403044,"remaining_time":3.431346354},
{"learn":[2668.224264],"iteration":343,"passed_time":1.797154075,"remaining_time":3.427131027},
{"learn":[2664.609575],"iteration":344,"passed_time":1.802929181,"remaining_time":3.422952503},
{"learn":[2663.360709],"iteration":345,"passed_time":1.808424078,"remaining_time":3.418235107},
{"learn":[2661.415971],"iteration":346,"passed_time":1.813515023,"remaining_time":3.412753054},
{"learn":[2659.50132],"iteration":347,"passed_time":1.818446109,"remaining_time":3.406973745},
{"learn":[2658.049332],"iteration":348,"passed_time":1.823918565,"remaining_time":3.402209128},
{"learn":[2655.615298],"iteration":349,"passed_time":1.829215434,"remaining_time":3.397114378},
{"learn":[2653.185605],"iteration":350,"passed_time":1.834311237,"remaining_time":3.391646704},
{"learn":[2651.191038],"iteration":351,"passed_time":1.839865613,"remaining_time":3.387025333},
{"learn":[2650.664893],"iteration":352,"passed_time":1.84479222,"remaining_time":3.381248063},
{"learn":[2649.383408],"iteration":353,"passed_time":1.849817401,"remaining_time":3.375655483},
{"learn":[2648.485906],"iteration":354,"passed_time":1.870420355,"remaining_time":3.398369378},
{"learn":[2646.789256],"iteration":355,"passed_time":1.874916788,"remaining_time":3.391703404},
{"learn":[2644.943009],"iteration":356,"passed_time":1.879887055,"remaining_time":3.385903015},
{"learn":[2643.37345],"iteration":357,"passed_time":1.885055155,"remaining_time":3.380462038},
{"learn":[2642.279904],"iteration":358,"passed_time":1.890049625,"remaining_time":3.374712562},
{"learn":[2640.430571],"iteration":359,"passed_time":1.894985114,"remaining_time":3.368862425},
{"learn":[2638.550658],"iteration":360,"passed_time":1.899908926,"remaining_time":3.362996687},
{"learn":[2636.142228],"iteration":361,"passed_time":1.905464233,"remaining_time":3.358249118},
{"learn":[2634.195656],"iteration":362,"passed_time":1.910609668,"remaining_time":3.352777847},
{"learn":[2631.884325],"iteration":363,"passed_time":1.915453406,"remaining_time":3.346781225},
{"learn":[2629.182667],"iteration":364,"passed_time":1.92130605,"remaining_time":3.342546142},
{"learn":[2627.775555],"iteration":365,"passed_time":1.926864723,"remaining_time":3.33779299},
{"learn":[2626.416361],"iteration":366,"passed_time":1.932059497,"remaining_time":3.332407797},
{"learn":[2625.464149],"iteration":367,"passed_time":1.937595239,"remaining_time":3.327609214},
{"learn":[2622.811058],"iteration":368,"passed_time":1.944413233,"remaining_time":3.324999322},
{"learn":[2620.475678],"iteration":369,"passed_time":1.950712568,"remaining_time":3.321483561},
{"learn":[2618.160088],"iteration":370,"passed_time":1.955854174,"remaining_time":3.315989961},
{"learn":[2617.284607],"iteration":371,"passed_time":1.960853343,"remaining_time":3.310257793},
{"learn":[2615.154949],"iteration":372,"passed_time":1.966222994,"remaining_time":3.305152325},
{"learn":[2613.387566],"iteration":373,"passed_time":1.971265822,"remaining_time":3.299498408},
{"learn":[2612.361153],"iteration":374,"passed_time":1.976262686,"remaining_time":3.293771143},
{"learn":[2610.3358],"iteration":375,"passed_time":1.981530401,"remaining_time":3.288497262},
{"learn":[2608.702115],"iteration":376,"passed_time":1.986936499,"remaining_time":3.283452092},
{"learn":[2606.03895],"iteration":377,"passed_time":1.992095727,"remaining_time":3.277998788},
{"learn":[2604.713195],"iteration":378,"passed_time":1.997192893,"remaining_time":3.272445348},
{"learn":[2603.719325],"iteration":379,"passed_time":2.00263721,"remaining_time":3.267460711},
{"learn":[2602.224248],"iteration":380,"passed_time":2.007696797,"remaining_time":3.261848603},
{"learn":[2601.2591],"iteration":381,"passed_time":2.012834989,"remaining_time":3.256366552},
{"learn":[2599.833583],"iteration":382,"passed_time":2.018247657,"remaining_time":3.25132847},
{"learn":[2597.986149],"iteration":383,"passed_time":2.023743976,"remaining_time":3.246422629},
{"learn":[2595.90895],"iteration":384,"passed_time":2.028801872,"remaining_time":3.24081338},
{"learn":[2594.294526],"iteration":385,"passed_time":2.03425847,"remaining_time":3.235841193},
{"learn":[2592.03821],"iteration":386,"passed_time":2.039203531,"remaining_time":3.230056239},
{"learn":[2590.368525],"iteration":387,"passed_time":2.04424694,"remaining_time":3.22443074},
{"learn":[2588.540079],"iteration":388,"passed_time":2.049881661,"remaining_time":3.219737005},
{"learn":[2586.794448],"iteration":389,"passed_time":2.055025752,"remaining_time":3.214271048},
{"learn":[2583.578426],"iteration":390,"passed_time":2.059793952,"remaining_time":3.208221271},
{"learn":[2582.546],"iteration":391,"passed_time":2.065149012,"remaining_time":3.203088263},
{"learn":[2579.128593],"iteration":392,"passed_time":2.070381433,"remaining_time":3.197764706},
{"learn":[2576.996091],"iteration":393,"passed_time":2.075572034,"remaining_time":3.192377291},
{"learn":[2575.335436],"iteration":394,"passed_time":2.080786454,"remaining_time":3.187027353},
{"learn":[2572.94613],"iteration":395,"passed_time":2.086217144,"remaining_time":3.182007967},
{"learn":[2570.885251],"iteration":396,"passed_time":2.091168055,"remaining_time":3.176257777},
{"learn":[2569.928492],"iteration":397,"passed_time":2.096531465,"remaining_time":3.171135532},
{"learn":[2568.185468],"iteration":398,"passed_time":2.101491607,"remaining_time":3.165404652},
{"learn":[2565.487487],"iteration":399,"passed_time":2.106887731,"remaining_time":3.160331596},
{"learn":[2562.881248],"iteration":400,"passed_time":2.111950215,"remaining_time":3.154758551},
{"learn":[2561.438795],"iteration":401,"passed_time":2.116974459,"remaining_time":3.14913116},
{"learn":[2561.221756],"iteration":402,"passed_time":2.121704992,"remaining_time":3.143071662},
{"learn":[2558.481399],"iteration":403,"passed_time":2.126739495,"remaining_time":3.137467176},
{"learn":[2556.366173],"iteration":404,"passed_time":2.132375217,"remaining_time":3.132748776},
{"learn":[2554.233279],"iteration":405,"passed_time":2.137404401,"remaining_time":3.127138458},
{"learn":[2551.599364],"iteration":406,"passed_time":2.142327862,"remaining_time":3.121376958},
{"learn":[2549.712011],"iteration":407,"passed_time":2.147841704,"remaining_time":3.116476198},
{"learn":[2549.243518],"iteration":408,"passed_time":2.152998127,"remaining_time":3.111055974},
{"learn":[2547.972011],"iteration":409,"passed_time":2.158191288,"remaining_time":3.105689902},
{"learn":[2546.380751],"iteration":410,"passed_time":2.163430252,"remaining_time":3.100390312},
{"learn":[2544.360352],"iteration":411,"passed_time":2.168526837,"remaining_time":3.094887815},
{"learn":[2543.257404],"iteration":412,"passed_time":2.173665849,"remaining_time":3.089447587},
{"learn":[2542.950869],"iteration":413,"passed_time":2.179266613,"remaining_time":3.084662405},
{"learn":[2541.901497],"iteration":414,"passed_time":2.184422562,"remaining_time":3.079246262},
{"learn":[2540.486566],"iteration":415,"passed_time":2.189337898,"remaining_time":3.073493588},
{"learn":[2540.170509],"iteration":416,"passed_time":2.194812289,"remaining_time":3.068526533},
{"learn":[2538.479691],"iteration":417,"passed_time":2.200117131,"remaining_time":3.063320982},
{"learn":[2537.913814],"iteration":418,"passed_time":2.204871487,"remaining_time":3.057351632},
{"learn":[2535.744921],"iteration":419,"passed_time":2.210403792,"remaining_time":3.05246238},
{"learn":[2534.820923],"iteration":420,"passed_time":2.215449986,"remaining_time":3.046901525},
{"learn":[2532.822132],"iteration":421,"passed_time":2.220630544,"remaining_time":3.041527143},
{"learn":[2531.149004],"iteration":422,"passed_time":2.225962697,"remaining_time":3.036360464},
{"learn":[2529.399231],"iteration":423,"passed_time":2.236381837,"remaining_time":3.038103627},
{"learn":[2527.759828],"iteration":424,"passed_time":2.249592536,"remaining_time":3.043566372},
{"learn":[2527.336418],"iteration":425,"passed_time":2.257410422,"remaining_time":3.041675076},
{"learn":[2525.501567],"iteration":426,"passed_time":2.26324192,"remaining_time":3.037090445},
{"learn":[2523.866867],"iteration":427,"passed_time":2.269688746,"remaining_time":3.033322343},
{"learn":[2521.781846],"iteration":428,"passed_time":2.276518799,"remaining_time":3.030051829},
{"learn":[2519.173164],"iteration":429,"passed_time":2.283378724,"remaining_time":3.026804356},
{"learn":[2517.09752],"iteration":430,"passed_time":2.290353173,"remaining_time":3.023691312},
{"learn":[2515.101398],"iteration":431,"passed_time":2.295904668,"remaining_time":3.018689471},
{"learn":[2513.000111],"iteration":432,"passed_time":2.302296761,"remaining_time":3.014785828},
{"learn":[2511.459876],"iteration":433,"passed_time":2.309110062,"remaining_time":3.011420035},
{"learn":[2509.372424],"iteration":434,"passed_time":2.315908547,"remaining_time":3.008019147},
{"learn":[2508.464786],"iteration":435,"passed_time":2.321815656,"remaining_time":3.00344961},
{"learn":[2507.317122],"iteration":436,"passed_time":2.327768048,"remaining_time":2.998932291},
{"learn":[2505.777179],"iteration":437,"passed_time":2.333466714,"remaining_time":2.994082861},
{"learn":[2504.030815],"iteration":438,"passed_time":2.343087839,"remaining_time":2.99424209},
{"learn":[2502.312276],"iteration":439,"passed_time":2.351557987,"remaining_time":2.992891983},
{"learn":[2501.620886],"iteration":440,"passed_time":2.369640715,"remaining_time":3.003694239},
{"learn":[2500.273051],"iteration":441,"passed_time":2.374686407,"remaining_time":2.997907275},
{"learn":[2499.102283],"iteration":442,"passed_time":2.379466981,"remaining_time":2.991790312},
{"learn":[2496.81341],"iteration":443,"passed_time":2.384524997,"remaining_time":2.986026798},
{"learn":[2495.489518],"iteration":444,"passed_time":2.389937624,"remaining_time":2.980708722},
{"learn":[2493.908181],"iteration":445,"passed_time":2.39499583,"remaining_time":2.974949977},
{"learn":[2491.867209],"iteration":446,"passed_time":2.400059776,"remaining_time":2.969201468},
{"learn":[2490.492997],"iteration":447,"passed_time":2.405554965,"remaining_time":2.963987367},
{"learn":[2488.219733],"iteration":448,"passed_time":2.410588611,"remaining_time":2.958205623},
{"learn":[2486.822141],"iteration":449,"passed_time":2.415411094,"remaining_time":2.952169115},
{"learn":[2484.104194],"iteration":450,"passed_time":2.420886116,"remaining_time":2.946932323},
{"learn":[2482.449669],"iteration":451,"passed_time":2.426086089,"remaining_time":2.94136101},
{"learn":[2480.572257],"iteration":452,"passed_time":2.431177174,"remaining_time":2.935659855},
{"learn":[2479.315457],"iteration":453,"passed_time":2.436192592,"remaining_time":2.929870387},
{"learn":[2478.736316],"iteration":454,"passed_time":2.441741908,"remaining_time":2.924723824},
{"learn":[2476.362871],"iteration":455,"passed_time":2.447064704,"remaining_time":2.919305261},
{"learn":[2475.061185],"iteration":456,"passed_time":2.451930807,"remaining_time":2.913344482},
{"learn":[2473.743134],"iteration":457,"passed_time":2.457191675,"remaining_time":2.90785565},
{"learn":[2472.351691],"iteration":458,"passed_time":2.462146774,"remaining_time":2.902007418},
{"learn":[2471.131461],"iteration":459,"passed_time":2.467434281,"remaining_time":2.896553286},
{"learn":[2469.161835],"iteration":460,"passed_time":2.4730435,"remaining_time":2.891476023},
{"learn":[2467.59918],"iteration":461,"passed_time":2.47817041,"remaining_time":2.885834807},
{"learn":[2465.604715],"iteration":462,"passed_time":2.483227324,"remaining_time":2.880114628},
{"learn":[2465.054273],"iteration":463,"passed_time":2.488641124,"remaining_time":2.874809575},
{"learn":[2464.384692],"iteration":464,"passed_time":2.493837892,"remaining_time":2.869254349},
{"learn":[2462.688966],"iteration":465,"passed_time":2.498545272,"remaining_time":2.863139861},
{"learn":[2461.038102],"iteration":466,"passed_time":2.504234115,"remaining_time":2.858151571},
{"learn":[2457.460149],"iteration":467,"passed_time":2.50948203,"remaining_time":2.85265906},
{"learn":[2455.843853],"iteration":468,"passed_time":2.514469608,"remaining_time":2.84687284},
{"learn":[2454.782548],"iteration":469,"passed_time":2.51966385,"remaining_time":2.841323065},
{"learn":[2453.870563],"iteration":470,"passed_time":2.524789218,"remaining_time":2.835697445},
{"learn":[2452.469276],"iteration":471,"passed_time":2.530051935,"remaining_time":2.830227588},
{"learn":[2450.807289],"iteration":472,"passed_time":2.535513166,"remaining_time":2.824979785},
{"learn":[2449.102963],"iteration":473,"passed_time":2.54108329,"remaining_time":2.819851921},
{"learn":[2447.592507],"iteration":474,"passed_time":2.545983454,"remaining_time":2.813981712},
{"learn":[2445.455878],"iteration":475,"passed_time":2.551560666,"remaining_time":2.808860901},
{"learn":[2444.673343],"iteration":476,"passed_time":2.556559328,"remaining_time":2.803103834},
{"learn":[2443.485317],"iteration":477,"passed_time":2.561386045,"remaining_time":2.797162166},
{"learn":[2441.532149],"iteration":478,"passed_time":2.566215236,"remaining_time":2.791227846},
{"learn":[2439.47262],"iteration":479,"passed_time":2.571662317,"remaining_time":2.78596751},
{"learn":[2438.011735],"iteration":480,"passed_time":2.577024655,"remaining_time":2.78061496},
{"learn":[2435.905972],"iteration":481,"passed_time":2.58191155,"remaining_time":2.774751417},
{"learn":[2433.429192],"iteration":482,"passed_time":2.587597422,"remaining_time":2.769747137},
{"learn":[2431.293829],"iteration":483,"passed_time":2.592519792,"remaining_time":2.763926059},
{"learn":[2429.851695],"iteration":484,"passed_time":2.597707112,"remaining_time":2.758390026},
{"learn":[2428.17625],"iteration":485,"passed_time":2.603442861,"remaining_time":2.753435454},
{"learn":[2426.854059],"iteration":486,"passed_time":2.608183947,"remaining_time":2.747429907},
{"learn":[2425.362673],"iteration":487,"passed_time":2.613110885,"remaining_time":2.741624535},
{"learn":[2423.95784],"iteration":488,"passed_time":2.61871453,"remaining_time":2.736529908},
{"learn":[2422.648663],"iteration":489,"passed_time":2.623778767,"remaining_time":2.730871778},
{"learn":[2421.22076],"iteration":490,"passed_time":2.628517263,"remaining_time":2.724878385},
{"learn":[2421.095211],"iteration":491,"passed_time":2.633844457,"remaining_time":2.719497935},
{"learn":[2419.447271],"iteration":492,"passed_time":2.63891264,"remaining_time":2.713851336},
{"learn":[2417.586102],"iteration":493,"passed_time":2.643929892,"remaining_time":2.70815491},
{"learn":[2415.697386],"iteration":494,"passed_time":2.649499726,"remaining_time":2.703024973},
{"learn":[2414.232387],"iteration":495,"passed_time":2.654365403,"remaining_time":2.697177748},
{"learn":[2413.377976],"iteration":496,"passed_time":2.659411537,"remaining_time":2.691517109},
{"learn":[2411.301978],"iteration":497,"passed_time":2.664702945,"remaining_time":2.686106182},
{"learn":[2410.236378],"iteration":498,"passed_time":2.669760316,"remaining_time":2.680460758},
{"learn":[2407.554751],"iteration":499,"passed_time":2.674992476,"remaining_time":2.674992476},
{"learn":[2406.436214],"iteration":500,"passed_time":2.680062373,"remaining_time":2.669363522},
{"learn":[2404.449719],"iteration":501,"passed_time":2.685831608,"remaining_time":2.664430559},
{"learn":[2403.140985],"iteration":502,"passed_time":2.69054581,"remaining_time":2.658451825},
{"learn":[2401.616784],"iteration":503,"passed_time":2.695530974,"remaining_time":2.652744768},
{"learn":[2400.531125],"iteration":504,"passed_time":2.700842078,"remaining_time":2.647360057},
{"learn":[2398.881255],"iteration":505,"passed_time":2.705757996,"remaining_time":2.641589823},
{"learn":[2396.480886],"iteration":506,"passed_time":2.710675807,"remaining_time":2.635824799},
{"learn":[2394.271608],"iteration":507,"passed_time":2.716374003,"remaining_time":2.630818916},
{"learn":[2392.420489],"iteration":508,"passed_time":2.721638383,"remaining_time":2.625391839},
{"learn":[2390.753666],"iteration":509,"passed_time":2.726703381,"remaining_time":2.619773837},
{"learn":[2388.807674],"iteration":510,"passed_time":2.732442651,"remaining_time":2.614803241},
{"learn":[2387.431287],"iteration":511,"passed_time":2.737429502,"remaining_time":2.609112494},
{"learn":[2385.827111],"iteration":512,"passed_time":2.742508161,"remaining_time":2.603511646},
{"learn":[2383.623031],"iteration":513,"passed_time":2.748434876,"remaining_time":2.598714688},
{"learn":[2381.838447],"iteration":514,"passed_time":2.753473401,"remaining_time":2.593076892},
{"learn":[2379.251545],"iteration":515,"passed_time":2.75846717,"remaining_time":2.587399438},
{"learn":[2378.69377],"iteration":516,"passed_time":2.7635167,"remaining_time":2.581776724},
{"learn":[2376.895953],"iteration":517,"passed_time":2.768694904,"remaining_time":2.576275954},
{"learn":[2374.646226],"iteration":518,"passed_time":2.773798662,"remaining_time":2.57070743},
{"learn":[2373.714052],"iteration":519,"passed_time":2.778990781,"remaining_time":2.565222259},
{"learn":[2371.312143],"iteration":520,"passed_time":2.784270398,"remaining_time":2.559818657},
{"learn":[2370.387225],"iteration":521,"passed_time":2.78927965,"remaining_time":2.554167956},
{"learn":[2368.399972],"iteration":522,"passed_time":2.794578247,"remaining_time":2.548783602},
{"learn":[2367.113909],"iteration":523,"passed_time":2.799337696,"remaining_time":2.542909816},
{"learn":[2365.345811],"iteration":524,"passed_time":2.804371804,"remaining_time":2.537288775},
{"learn":[2362.813136],"iteration":525,"passed_time":2.809728962,"remaining_time":2.53196108},
{"learn":[2361.938384],"iteration":526,"passed_time":2.815132063,"remaining_time":2.526674508},
{"learn":[2361.039928],"iteration":527,"passed_time":2.819797737,"remaining_time":2.52072828},
{"learn":[2359.761612],"iteration":528,"passed_time":2.825322107,"remaining_time":2.515551442},
{"learn":[2358.183204],"iteration":529,"passed_time":2.830750855,"remaining_time":2.510288494},
{"learn":[2357.141948],"iteration":530,"passed_time":2.835715141,"remaining_time":2.504614691},
{"learn":[2355.475875],"iteration":531,"passed_time":2.840473233,"remaining_time":2.498762168},
{"learn":[2354.686858],"iteration":532,"passed_time":2.845750195,"remaining_time":2.49336837},
{"learn":[2353.172942],"iteration":533,"passed_time":2.851074999,"remaining_time":2.48801676},
{"learn":[2351.346082],"iteration":534,"passed_time":2.856027368,"remaining_time":2.482341544},
{"learn":[2349.629615],"iteration":535,"passed_time":2.861486376,"remaining_time":2.477107609},
{"learn":[2348.020815],"iteration":536,"passed_time":2.866827705,"remaining_time":2.471771373},
{"learn":[2346.175621],"iteration":537,"passed_time":2.871895799,"remaining_time":2.466200481},
{"learn":[2345.092349],"iteration":538,"passed_time":2.877441263,"remaining_time":2.461039745},
{"learn":[2342.059422],"iteration":539,"passed_time":2.882457373,"remaining_time":2.455426651},
{"learn":[2339.039422],"iteration":540,"passed_time":2.88746148,"remaining_time":2.449805581},
{"learn":[2337.376744],"iteration":541,"passed_time":2.893056269,"remaining_time":2.444685924},
{"learn":[2335.924309],"iteration":542,"passed_time":2.898485692,"remaining_time":2.439425343},
{"learn":[2334.789253],"iteration":543,"passed_time":2.903663159,"remaining_time":2.433952942},
{"learn":[2333.113651],"iteration":544,"passed_time":2.909202728,"remaining_time":2.428783928},
{"learn":[2331.543181],"iteration":545,"passed_time":2.914641273,"remaining_time":2.423529557},
{"learn":[2329.830188],"iteration":546,"passed_time":2.919652664,"remaining_time":2.417920762},
{"learn":[2329.01213],"iteration":547,"passed_time":2.924660449,"remaining_time":2.412311173},
{"learn":[2326.356254],"iteration":548,"passed_time":2.929821075,"remaining_time":2.406829335},
{"learn":[2324.797104],"iteration":549,"passed_time":2.93495309,"remaining_time":2.401325256},
{"learn":[2323.36651],"iteration":550,"passed_time":2.939887041,"remaining_time":2.395661128},
{"learn":[2322.271618],"iteration":551,"passed_time":2.945034267,"remaining_time":2.390172739},
{"learn":[2321.677851],"iteration":552,"passed_time":2.949589852,"remaining_time":2.384207349},
{"learn":[2320.519675],"iteration":553,"passed_time":2.954541405,"remaining_time":2.378565824},
{"learn":[2318.964589],"iteration":554,"passed_time":2.959882704,"remaining_time":2.373239285},
{"learn":[2317.441832],"iteration":555,"passed_time":2.965108794,"remaining_time":2.367820692},
{"learn":[2315.776966],"iteration":556,"passed_time":2.969966487,"remaining_time":2.362109791},
{"learn":[2314.622969],"iteration":557,"passed_time":2.981095153,"remaining_time":2.361369279},
{"learn":[2313.563783],"iteration":558,"passed_time":2.985741643,"remaining_time":2.355477754},
{"learn":[2312.521297],"iteration":559,"passed_time":2.990748787,"remaining_time":2.349874047},
{"learn":[2310.575111],"iteration":560,"passed_time":2.99617025,"remaining_time":2.344596684},
{"learn":[2308.697713],"iteration":561,"passed_time":3.001500133,"remaining_time":2.339247435},
{"learn":[2306.629449],"iteration":562,"passed_time":3.006844924,"remaining_time":2.333909826},
{"learn":[2304.962186],"iteration":563,"passed_time":3.011933625,"remaining_time":2.328374221},
{"learn":[2303.692236],"iteration":564,"passed_time":3.017032565,"remaining_time":2.322848081},
{"learn":[2301.338383],"iteration":565,"passed_time":3.022319916,"remaining_time":2.317467922},
{"learn":[2300.071778],"iteration":566,"passed_time":3.02744819,"remaining_time":2.311966607},
{"learn":[2298.797572],"iteration":567,"passed_time":3.032539345,"remaining_time":2.306438375},
{"learn":[2297.762624],"iteration":568,"passed_time":3.037504131,"remaining_time":2.300815959},
{"learn":[2297.079192],"iteration":569,"passed_time":3.042909306,"remaining_time":2.295528073},
{"learn":[2296.242341],"iteration":570,"passed_time":3.048080227,"remaining_time":2.290063778},
{"learn":[2295.146227],"iteration":571,"passed_time":3.05294949,"remaining_time":2.284374793},
{"learn":[2294.210702],"iteration":572,"passed_time":3.058612693,"remaining_time":2.279280314},
{"learn":[2293.123487],"iteration":573,"passed_time":3.064021164,"remaining_time":2.273994801},
{"learn":[2291.797266],"iteration":574,"passed_time":3.069376838,"remaining_time":2.268669837},
{"learn":[2290.004155],"iteration":575,"passed_time":3.074850036,"remaining_time":2.263431277},
{"learn":[2288.27589],"iteration":576,"passed_time":3.079971166,"remaining_time":2.257933801},
{"learn":[2287.400139],"iteration":577,"passed_time":3.085261082,"remaining_time":2.252560859},
{"learn":[2286.017701],"iteration":578,"passed_time":3.090994742,"remaining_time":2.247510857},
{"learn":[2284.613299],"iteration":579,"passed_time":3.096138573,"remaining_time":2.24203138},
{"learn":[2283.244434],"iteration":580,"passed_time":3.100901845,"remaining_time":2.236278611},
{"learn":[2281.823512],"iteration":581,"passed_time":3.106365254,"remaining_time":2.23103209},
{"learn":[2280.531005],"iteration":582,"passed_time":3.111658226,"remaining_time":2.225662916},
{"learn":[2278.467003],"iteration":583,"passed_time":3.116824759,"remaining_time":2.220203938},
{"learn":[2277.609825],"iteration":584,"passed_time":3.12212909,"remaining_time":2.214843714},
{"learn":[2275.07208],"iteration":585,"passed_time":3.127314477,"remaining_time":2.209399647},
{"learn":[2274.30091],"iteration":586,"passed_time":3.132197936,"remaining_time":2.203744033},
{"learn":[2272.469059],"iteration":587,"passed_time":3.137650367,"remaining_time":2.198489713},
{"learn":[2271.836738],"iteration":588,"passed_time":3.142649475,"remaining_time":2.192918394},
{"learn":[2270.056025],"iteration":589,"passed_time":3.147732105,"remaining_time":2.187407056},
{"learn":[2268.294517],"iteration":590,"passed_time":3.153309051,"remaining_time":2.182239259},
{"learn":[2266.327283],"iteration":591,"passed_time":3.158408181,"remaining_time":2.176740773},
{"learn":[2264.679832],"iteration":592,"passed_time":3.163271554,"remaining_time":2.171081825},
{"learn":[2264.092969],"iteration":593,"passed_time":3.168278096,"remaining_time":2.165523413},
{"learn":[2262.726403],"iteration":594,"passed_time":3.173439149,"remaining_time":2.160072026},
{"learn":[2261.752946],"iteration":595,"passed_time":3.178557304,"remaining_time":2.154592535},
{"learn":[2260.700797],"iteration":596,"passed_time":3.183545352,"remaining_time":2.149026427},
{"learn":[2259.097092],"iteration":597,"passed_time":3.18888063,"remaining_time":2.143695675},
{"learn":[2258.122304],"iteration":598,"passed_time":3.193940198,"remaining_time":2.138180333},
{"learn":[2256.392745],"iteration":599,"passed_time":3.199131776,"remaining_time":2.132754517},
{"learn":[2255.708573],"iteration":600,"passed_time":3.204297196,"remaining_time":2.127312115},
{"learn":[2253.258649],"iteration":601,"passed_time":3.209457898,"remaining_time":2.121867514},
{"learn":[2251.819301],"iteration":602,"passed_time":3.214581202,"remaining_time":2.116399233},
{"learn":[2250.7005],"iteration":603,"passed_time":3.220305325,"remaining_time":2.111326008},
{"learn":[2248.981619],"iteration":604,"passed_time":3.225273578,"remaining_time":2.105757129},
{"learn":[2247.183008],"iteration":605,"passed_time":3.23050641,"remaining_time":2.100362253},
{"learn":[2245.052252],"iteration":606,"passed_time":3.236258814,"remaining_time":2.095304306},
{"learn":[2243.467765],"iteration":607,"passed_time":3.241421008,"remaining_time":2.089863545},
{"learn":[2242.791944],"iteration":608,"passed_time":3.246269494,"remaining_time":2.084222286},
{"learn":[2239.899771],"iteration":609,"passed_time":3.251758506,"remaining_time":2.078993143},
{"learn":[2238.990845],"iteration":610,"passed_time":3.256802481,"remaining_time":2.073479812},
{"learn":[2236.901901],"iteration":611,"passed_time":3.261996473,"remaining_time":2.068063123},
{"learn":[2235.034819],"iteration":612,"passed_time":3.267995344,"remaining_time":2.063155299},
{"learn":[2234.169963],"iteration":613,"passed_time":3.27261256,"remaining_time":2.057375323},
{"learn":[2233.07256],"iteration":614,"passed_time":3.277370933,"remaining_time":2.051687495},
{"learn":[2231.602892],"iteration":615,"passed_time":3.282823775,"remaining_time":2.0464356},
{"learn":[2229.999922],"iteration":616,"passed_time":3.287846596,"remaining_time":2.04091612},
{"learn":[2228.027555],"iteration":617,"passed_time":3.293081051,"remaining_time":2.035529064},
{"learn":[2226.116915],"iteration":618,"passed_time":3.298876949,"remaining_time":2.030488073},
{"learn":[2224.376712],"iteration":619,"passed_time":3.303798823,"remaining_time":2.024908956},
{"learn":[2223.241622],"iteration":620,"passed_time":3.308878828,"remaining_time":2.019428464},
{"learn":[2222.646699],"iteration":621,"passed_time":3.313777796,"remaining_time":2.013839239},
{"learn":[2221.462435],"iteration":622,"passed_time":3.319010449,"remaining_time":2.008454156},
{"learn":[2220.99694],"iteration":623,"passed_time":3.324238882,"remaining_time":2.003067019},
{"learn":[2220.118263],"iteration":624,"passed_time":3.32927043,"remaining_time":1.997562258},
{"learn":[2219.054115],"iteration":625,"passed_time":3.334513671,"remaining_time":1.992185484},
{"learn":[2218.136618],"iteration":626,"passed_time":3.339524712,"remaining_time":1.986671001},
{"learn":[2217.018586],"iteration":627,"passed_time":3.344692978,"remaining_time":1.981251254},
{"learn":[2216.216021],"iteration":628,"passed_time":3.350097145,"remaining_time":1.975971448},
{"learn":[2215.061024],"iteration":629,"passed_time":3.355039897,"remaining_time":1.970420257},
{"learn":[2214.128406],"iteration":630,"passed_time":3.360324253,"remaining_time":1.965070759},
{"learn":[2213.031722],"iteration":631,"passed_time":3.366007756,"remaining_time":1.959953883},
{"learn":[2211.395956],"iteration":632,"passed_time":3.37134659,"remaining_time":1.954635385},
{"learn":[2210.116229],"iteration":633,"passed_time":3.376204634,"remaining_time":1.949039268},
{"learn":[2208.767913],"iteration":634,"passed_time":3.38148631,"remaining_time":1.943688981},
{"learn":[2207.453053],"iteration":635,"passed_time":3.386651861,"remaining_time":1.938272449},
{"learn":[2206.158015],"iteration":636,"passed_time":3.391850331,"remaining_time":1.932875463},
{"learn":[2204.474043],"iteration":637,"passed_time":3.397427507,"remaining_time":1.927693977},
{"learn":[2201.715639],"iteration":638,"passed_time":3.402337654,"remaining_time":1.922134418},
{"learn":[2200.381387],"iteration":639,"passed_time":3.407247252,"remaining_time":1.916576579},
{"learn":[2199.427313],"iteration":640,"passed_time":3.412574735,"remaining_time":1.911254805},
{"learn":[2198.286398],"iteration":641,"passed_time":3.417894665,"remaining_time":1.905928801},
{"learn":[2197.277132],"iteration":642,"passed_time":3.422756996,"remaining_time":1.900348752},
{"learn":[2196.436587],"iteration":643,"passed_time":3.428723252,"remaining_time":1.895381177},
{"learn":[2195.078335],"iteration":644,"passed_time":3.433679479,"remaining_time":1.889854597},
{"learn":[2193.8411],"iteration":645,"passed_time":3.438568212,"remaining_time":1.884292797},
{"learn":[2191.714837],"iteration":646,"passed_time":3.444095984,"remaining_time":1.879081735},
{"learn":[2190.880977],"iteration":647,"passed_time":3.449030937,"remaining_time":1.873547669},
{"learn":[2190.164643],"iteration":648,"passed_time":3.453962723,"remaining_time":1.868013738},
{"learn":[2189.053012],"iteration":649,"passed_time":3.459025152,"remaining_time":1.862552005},
{"learn":[2187.346571],"iteration":650,"passed_time":3.463853266,"remaining_time":1.856965883},
{"learn":[2186.505764],"iteration":651,"passed_time":3.469240889,"remaining_time":1.85168072},
{"learn":[2185.170879],"iteration":652,"passed_time":3.474537307,"remaining_time":1.846346777},
{"learn":[2184.509753],"iteration":653,"passed_time":3.480367181,"remaining_time":1.841295175},
{"learn":[2183.66118],"iteration":654,"passed_time":3.485276968,"remaining_time":1.835756571},
{"learn":[2182.727664],"iteration":655,"passed_time":3.490098545,"remaining_time":1.830173627},
{"learn":[2181.428808],"iteration":656,"passed_time":3.495599794,"remaining_time":1.824947838},
{"learn":[2180.369742],"iteration":657,"passed_time":3.501068033,"remaining_time":1.819704053},
{"learn":[2178.788083],"iteration":658,"passed_time":3.505896673,"remaining_time":1.814128627},
{"learn":[2177.208074],"iteration":659,"passed_time":3.511494407,"remaining_time":1.808951664},
{"learn":[2175.97177],"iteration":660,"passed_time":3.516510276,"remaining_time":1.803475013},
{"learn":[2174.338995],"iteration":661,"passed_time":3.521662302,"remaining_time":1.798069272},
{"learn":[2173.789943],"iteration":662,"passed_time":3.526838051,"remaining_time":1.792676355},
{"learn":[2173.117409],"iteration":663,"passed_time":3.531785315,"remaining_time":1.787168473},
{"learn":[2172.144969],"iteration":664,"passed_time":3.536801125,"remaining_time":1.781696807},
{"learn":[2170.642737],"iteration":665,"passed_time":3.542402104,"remaining_time":1.776519974},
{"learn":[2168.915582],"iteration":666,"passed_time":3.547723953,"remaining_time":1.771202513},
{"learn":[2167.722611],"iteration":667,"passed_time":3.552474566,"remaining_time":1.765601132},
{"learn":[2166.016215],"iteration":668,"passed_time":3.557807109,"remaining_time":1.760290214},
{"learn":[2164.608918],"iteration":669,"passed_time":3.563192889,"remaining_time":1.755005453},
{"learn":[2163.202069],"iteration":670,"passed_time":3.567974584,"remaining_time":1.7494242},
{"learn":[2162.153052],"iteration":671,"passed_time":3.573218697,"remaining_time":1.744071031},
{"learn":[2160.668219],"iteration":672,"passed_time":3.578622769,"remaining_time":1.738795907},
{"learn":[2159.516563],"iteration":673,"passed_time":3.583715408,"remaining_time":1.733369767},
{"learn":[2159.001649],"iteration":674,"passed_time":3.588729464,"remaining_time":1.727906779},
{"learn":[2158.625878],"iteration":675,"passed_time":3.594061656,"remaining_time":1.722597598},
{"learn":[2157.291378],"iteration":676,"passed_time":3.599327649,"remaining_time":1.717256766},
{"learn":[2156.260798],"iteration":677,"passed_time":3.604387728,"remaining_time":1.711818361},
{"learn":[2155.04991],"iteration":678,"passed_time":3.609997503,"remaining_time":1.70664094},
{"learn":[2153.29429],"iteration":679,"passed_time":3.614892353,"remaining_time":1.701125813},
{"learn":[2152.463814],"iteration":680,"passed_time":3.619926606,"remaining_time":1.695677808},
{"learn":[2151.470225],"iteration":681,"passed_time":3.625163926,"remaining_time":1.690325702},
{"learn":[2150.682021],"iteration":682,"passed_time":3.630318407,"remaining_time":1.684935483},
{"learn":[2149.779789],"iteration":683,"passed_time":3.635077911,"remaining_time":1.67936348},
{"learn":[2147.98844],"iteration":684,"passed_time":3.640605518,"remaining_time":1.674147063},
{"learn":[2146.751318],"iteration":685,"passed_time":3.645891036,"remaining_time":1.668818929},
{"learn":[2145.382077],"iteration":686,"passed_time":3.65105889,"remaining_time":1.663437311},
{"learn":[2143.957257],"iteration":687,"passed_time":3.656250017,"remaining_time":1.658066868},
{"learn":[2142.820433],"iteration":688,"passed_time":3.661394029,"remaining_time":1.652675679},
{"learn":[2141.27276],"iteration":689,"passed_time":3.666471389,"remaining_time":1.647255262},
{"learn":[2139.951212],"iteration":690,"passed_time":3.672084456,"remaining_time":1.642075393},
{"learn":[2139.221018],"iteration":691,"passed_time":3.677118855,"remaining_time":1.636636716},
{"learn":[2137.769286],"iteration":692,"passed_time":3.682224696,"remaining_time":1.631230854},
{"learn":[2136.696795],"iteration":693,"passed_time":3.687372624,"remaining_time":1.625844414},
{"learn":[2135.18994],"iteration":694,"passed_time":3.692718872,"remaining_time":1.620545692},
{"learn":[2134.002575],"iteration":695,"passed_time":3.697636433,"remaining_time":1.615059592},
{"learn":[2132.323887],"iteration":696,"passed_time":3.70278864,"remaining_time":1.609677127},
{"learn":[2131.338162],"iteration":697,"passed_time":3.707727529,"remaining_time":1.604203028},
{"learn":[2129.929019],"iteration":698,"passed_time":3.712792948,"remaining_time":1.598784946},
{"learn":[2128.786859],"iteration":699,"passed_time":3.71772175,"remaining_time":1.593309321},
{"learn":[2127.705297],"iteration":700,"passed_time":3.722918467,"remaining_time":1.587949531},
{"learn":[2126.934804],"iteration":701,"passed_time":3.727836178,"remaining_time":1.582471768},
{"learn":[2125.437882],"iteration":702,"passed_time":3.733005235,"remaining_time":1.577101785},
{"learn":[2123.928454],"iteration":703,"passed_time":3.738824921,"remaining_time":1.572005933},
{"learn":[2123.27359],"iteration":704,"passed_time":3.744232781,"remaining_time":1.566735703},
{"learn":[2121.915896],"iteration":705,"passed_time":3.749294343,"remaining_time":1.561320874},
{"learn":[2120.491087],"iteration":706,"passed_time":3.754286739,"remaining_time":1.55587838},
{"learn":[2119.197027],"iteration":707,"passed_time":3.759191677,"remaining_time":1.550401087},
{"learn":[2118.64094],"iteration":708,"passed_time":3.763854467,"remaining_time":1.544826022},
{"learn":[2117.573878],"iteration":709,"passed_time":3.768774452,"remaining_time":1.539358579},
{"learn":[2116.034827],"iteration":710,"passed_time":3.773751491,"remaining_time":1.533915866},
{"learn":[2114.972411],"iteration":711,"passed_time":3.778636974,"remaining_time":1.528437428},
{"learn":[2114.182639],"iteration":712,"passed_time":3.783201185,"remaining_time":1.522831332},
{"learn":[2112.737571],"iteration":713,"passed_time":3.788197539,"remaining_time":1.517401255},
{"learn":[2111.304493],"iteration":714,"passed_time":3.79319255,"remaining_time":1.511971856},
{"learn":[2109.755517],"iteration":715,"passed_time":3.798270101,"remaining_time":1.506576409},
{"learn":[2108.931383],"iteration":716,"passed_time":3.803069588,"remaining_time":1.501072097},
{"learn":[2107.84762],"iteration":717,"passed_time":3.807897777,"remaining_time":1.495581021},
{"learn":[2107.148842],"iteration":718,"passed_time":3.812636585,"remaining_time":1.490056857},
{"learn":[2105.187762],"iteration":719,"passed_time":3.817543131,"remaining_time":1.484600106},
{"learn":[2104.468964],"iteration":720,"passed_time":3.822210123,"remaining_time":1.479052183},
{"learn":[2103.340851],"iteration":721,"passed_time":3.827152579,"remaining_time":1.473612766},
{"learn":[2102.487424],"iteration":722,"passed_time":3.832242302,"remaining_time":1.468231145},
{"learn":[2101.019391],"iteration":723,"passed_time":3.837168909,"remaining_time":1.462788148},
{"learn":[2099.101946],"iteration":724,"passed_time":3.842107589,"remaining_time":1.457351154},
{"learn":[2097.55105],"iteration":725,"passed_time":3.847020201,"remaining_time":1.451905696},
{"learn":[2096.71224],"iteration":726,"passed_time":3.851751995,"remaining_time":1.446393803},
{"learn":[2095.501231],"iteration":727,"passed_time":3.85640092,"remaining_time":1.440853091},
{"learn":[2094.389078],"iteration":728,"passed_time":3.861596115,"remaining_time":1.435517897},
{"learn":[2094.04943],"iteration":729,"passed_time":3.866630147,"remaining_time":1.430123479},
{"learn":[2092.397161],"iteration":730,"passed_time":3.871341544,"remaining_time":1.424611321},
{"learn":[2090.93671],"iteration":731,"passed_time":3.87623968,"remaining_time":1.419169719},
{"learn":[2090.108692],"iteration":732,"passed_time":3.88114015,"remaining_time":1.41373045},
{"learn":[2088.382526],"iteration":733,"passed_time":3.88601853,"remaining_time":1.408284644},
{"learn":[2085.891545],"iteration":734,"passed_time":3.890827143,"remaining_time":1.402815229},
{"learn":[2082.933562],"iteration":735,"passed_time":3.895726592,"remaining_time":1.397380191},
{"learn":[2082.377431],"iteration":736,"passed_time":3.900550693,"remaining_time":1.391919718},
{"learn":[2081.38367],"iteration":737,"passed_time":3.905425297,"remaining_time":1.386478899},
{"learn":[2080.577194],"iteration":738,"passed_time":3.910170275,"remaining_time":1.380993832},
{"learn":[2079.264841],"iteration":739,"passed_time":3.915281657,"remaining_time":1.375639501},
{"learn":[2078.52668],"iteration":740,"passed_time":3.920171278,"remaining_time":1.370208314},
{"learn":[2077.669764],"iteration":741,"passed_time":3.924875242,"remaining_time":1.364714033},
{"learn":[2076.295045],"iteration":742,"passed_time":3.92963684,"remaining_time":1.359241814},
{"learn":[2075.476726],"iteration":743,"passed_time":3.934450023,"remaining_time":1.353789255},
{"learn":[2074.023437],"iteration":744,"passed_time":3.939326308,"remaining_time":1.348360012},
{"learn":[2073.10372],"iteration":745,"passed_time":3.944179803,"remaining_time":1.342924491},
{"learn":[2071.736655],"iteration":746,"passed_time":3.949473977,"remaining_time":1.337639781},
{"learn":[2070.359651],"iteration":747,"passed_time":3.954292669,"remaining_time":1.332194856},
{"learn":[2069.429471],"iteration":748,"passed_time":3.959150301,"remaining_time":1.326764654},
{"learn":[2067.885277],"iteration":749,"passed_time":3.964084473,"remaining_time":1.321361491},
{"learn":[2066.86331],"iteration":750,"passed_time":3.96883429,"remaining_time":1.315898453},
{"learn":[2066.616284],"iteration":751,"passed_time":3.973271681,"remaining_time":1.310334278},
{"learn":[2065.658056],"iteration":752,"passed_time":3.978235976,"remaining_time":1.304945931},
{"learn":[2064.83208],"iteration":753,"passed_time":3.9834665,"remaining_time":1.299645569},
{"learn":[2063.94212],"iteration":754,"passed_time":3.988347329,"remaining_time":1.294231915},
{"learn":[2062.794665],"iteration":755,"passed_time":3.993105912,"remaining_time":1.288780215},
{"learn":[2061.504615],"iteration":756,"passed_time":3.998185717,"remaining_time":1.28343346},
{"learn":[2060.756067],"iteration":757,"passed_time":4.002990053,"remaining_time":1.277999463},
{"learn":[2060.167626],"iteration":758,"passed_time":4.007685061,"remaining_time":1.272532411},
{"learn":[2059.008085],"iteration":759,"passed_time":4.012677678,"remaining_time":1.267161372},
{"learn":[2058.272319],"iteration":760,"passed_time":4.017380851,"remaining_time":1.261700425},
{"learn":[2056.754322],"iteration":761,"passed_time":4.022537786,"remaining_time":1.256383193},
{"learn":[2055.895722],"iteration":762,"passed_time":4.027331592,"remaining_time":1.250953588},
{"learn":[2055.037452],"iteration":763,"passed_time":4.032234006,"remaining_time":1.245559196},
{"learn":[2053.157544],"iteration":764,"passed_time":4.037283636,"remaining_time":1.240211313},
{"learn":[2052.207391],"iteration":765,"passed_time":4.041951164,"remaining_time":1.234747484},
{"learn":[2051.364913],"iteration":766,"passed_time":4.046939965,"remaining_time":1.229383327},
{"learn":[2049.83596],"iteration":767,"passed_time":4.05173302,"remaining_time":1.223961016},
{"learn":[2049.299975],"iteration":768,"passed_time":4.056433428,"remaining_time":1.218512512},
{"learn":[2048.485813],"iteration":769,"passed_time":4.061329661,"remaining_time":1.213124444},
{"learn":[2047.794794],"iteration":770,"passed_time":4.066189637,"remaining_time":1.207726883},
{"learn":[2047.165234],"iteration":771,"passed_time":4.071004582,"remaining_time":1.202317415},
{"learn":[2046.579232],"iteration":772,"passed_time":4.076235641,"remaining_time":1.197031682},
{"learn":[2044.960066],"iteration":773,"passed_time":4.0810305,"remaining_time":1.191618725},
{"learn":[2043.947531],"iteration":774,"passed_time":4.085920311,"remaining_time":1.186234929},
{"learn":[2042.974348],"iteration":775,"passed_time":4.090755402,"remaining_time":1.180836611},
{"learn":[2042.567761],"iteration":776,"passed_time":4.095276204,"remaining_time":1.175349541},
{"learn":[2041.736922],"iteration":777,"passed_time":4.100415387,"remaining_time":1.170041409},
{"learn":[2041.146859],"iteration":778,"passed_time":4.10533927,"remaining_time":1.16467263},
{"learn":[2040.255222],"iteration":779,"passed_time":4.110244098,"remaining_time":1.159299617},
{"learn":[2039.095501],"iteration":780,"passed_time":4.115235713,"remaining_time":1.15395214},
{"learn":[2037.573799],"iteration":781,"passed_time":4.120142074,"remaining_time":1.148581806},
{"learn":[2036.548047],"iteration":782,"passed_time":4.12496867,"remaining_time":1.143190551},
{"learn":[2035.633591],"iteration":783,"passed_time":4.130168283,"remaining_time":1.137903506},
{"learn":[2034.874734],"iteration":784,"passed_time":4.135231853,"remaining_time":1.132579425},
{"learn":[2033.629068],"iteration":785,"passed_time":4.140790701,"remaining_time":1.127390853},
{"learn":[2032.01949],"iteration":786,"passed_time":4.14747815,"remaining_time":1.122506793},
{"learn":[2031.954738],"iteration":787,"passed_time":4.152325263,"remaining_time":1.11712304},
{"learn":[2030.805668],"iteration":788,"passed_time":4.157590965,"remaining_time":1.11185259},
{"learn":[2030.208788],"iteration":789,"passed_time":4.163433096,"remaining_time":1.10673538},
{"learn":[2029.737191],"iteration":790,"passed_time":4.16854816,"remaining_time":1.101424229},
{"learn":[2028.826171],"iteration":791,"passed_time":4.174017481,"remaining_time":1.096206611},
{"learn":[2027.829646],"iteration":792,"passed_time":4.180162756,"remaining_time":1.091164805},
{"learn":[2025.872232],"iteration":793,"passed_time":4.185400097,"remaining_time":1.08588466},
{"learn":[2024.556834],"iteration":794,"passed_time":4.190718649,"remaining_time":1.080625564},
{"learn":[2023.939357],"iteration":795,"passed_time":4.196476854,"remaining_time":1.075478993},
{"learn":[2023.060796],"iteration":796,"passed_time":4.20155451,"remaining_time":1.070157548},
{"learn":[2022.002201],"iteration":797,"passed_time":4.207075265,"remaining_time":1.064948877},
{"learn":[2020.987695],"iteration":798,"passed_time":4.212901382,"remaining_time":1.059816243},
{"learn":[2019.898718],"iteration":799,"passed_time":4.218100213,"remaining_time":1.054525053},
{"learn":[2018.732073],"iteration":800,"passed_time":4.224101513,"remaining_time":1.04943346},
{"learn":[2017.73933],"iteration":801,"passed_time":4.230452281,"remaining_time":1.044425875},
{"learn":[2017.57809],"iteration":802,"passed_time":4.236672427,"remaining_time":1.039382899},
{"learn":[2016.905755],"iteration":803,"passed_time":4.24479395,"remaining_time":1.034800515},
{"learn":[2015.229385],"iteration":804,"passed_time":4.250772914,"remaining_time":1.029690333},
{"learn":[2013.903505],"iteration":805,"passed_time":4.257032883,"remaining_time":1.024645632},
{"learn":[2012.186111],"iteration":806,"passed_time":4.262782692,"remaining_time":1.01947591},
{"learn":[2010.590684],"iteration":807,"passed_time":4.267860744,"remaining_time":1.014145127},
{"learn":[2009.538501],"iteration":808,"passed_time":4.273785265,"remaining_time":1.009014815},
{"learn":[2008.663071],"iteration":809,"passed_time":4.279179634,"remaining_time":1.003758186},
{"learn":[2007.219235],"iteration":810,"passed_time":4.284138941,"remaining_time":0.9983998272},
{"learn":[2006.755633],"iteration":811,"passed_time":4.290497393,"remaining_time":0.9933663916},
{"learn":[2005.58973],"iteration":812,"passed_time":4.295813401,"remaining_time":0.9880899213},
{"learn":[2005.028269],"iteration":813,"passed_time":4.300773795,"remaining_time":0.9827320957},
{"learn":[2003.768516],"iteration":814,"passed_time":4.307118272,"remaining_time":0.9776894238},
{"learn":[2001.833136],"iteration":815,"passed_time":4.312190263,"remaining_time":0.972356628},
{"learn":[2000.90307],"iteration":816,"passed_time":4.317121429,"remaining_time":0.9669929272},
{"learn":[2000.144533],"iteration":817,"passed_time":4.322878511,"remaining_time":0.9618140453},
{"learn":[1998.785407],"iteration":818,"passed_time":4.327855099,"remaining_time":0.9564612612},
{"learn":[1997.755842],"iteration":819,"passed_time":4.332740312,"remaining_time":0.9510893368},
{"learn":[1996.738492],"iteration":820,"passed_time":4.338502618,"remaining_time":0.9459098278},
{"learn":[1995.687004],"iteration":821,"passed_time":4.344100668,"remaining_time":0.940693332},
{"learn":[1994.879828],"iteration":822,"passed_time":4.348988054,"remaining_time":0.9353230687},
{"learn":[1993.964988],"iteration":823,"passed_time":4.354932777,"remaining_time":0.9301798164},
{"learn":[1992.894249],"iteration":824,"passed_time":4.360426196,"remaining_time":0.9249388901},
{"learn":[1991.58322],"iteration":825,"passed_time":4.365556473,"remaining_time":0.919620855},
{"learn":[1990.308905],"iteration":826,"passed_time":4.371882962,"remaining_time":0.9145535095},
{"learn":[1989.045789],"iteration":827,"passed_time":4.376976853,"remaining_time":0.9092270757},
{"learn":[1987.946434],"iteration":828,"passed_time":4.382270665,"remaining_time":0.9039424412},
{"learn":[1987.416381],"iteration":829,"passed_time":4.38882882,"remaining_time":0.8989167463},
{"learn":[1986.356333],"iteration":830,"passed_time":4.394759106,"remaining_time":0.8937596739},
{"learn":[1985.377136],"iteration":831,"passed_time":4.401263943,"remaining_time":0.8887167578},
{"learn":[1984.430011],"iteration":832,"passed_time":4.406024089,"remaining_time":0.8833205557},
{"learn":[1982.95854],"iteration":833,"passed_time":4.410812396,"remaining_time":0.877931484},
{"learn":[1981.687627],"iteration":834,"passed_time":4.417080595,"remaining_time":0.8728362852},
{"learn":[1981.073061],"iteration":835,"passed_time":4.422092777,"remaining_time":0.8674918845},
{"learn":[1980.343525],"iteration":836,"passed_time":4.427057553,"remaining_time":0.8621390456},
{"learn":[1978.641797],"iteration":837,"passed_time":4.433460491,"remaining_time":0.8570651546},
{"learn":[1977.449579],"iteration":838,"passed_time":4.438659116,"remaining_time":0.8517569937},
{"learn":[1976.815155],"iteration":839,"passed_time":4.44369928,"remaining_time":0.8464189104},
{"learn":[1975.88236],"iteration":840,"passed_time":4.450391216,"remaining_time":0.8413938209},
{"learn":[1974.791091],"iteration":841,"passed_time":4.45564692,"remaining_time":0.8360952653},
{"learn":[1974.045435],"iteration":842,"passed_time":4.460462426,"remaining_time":0.8307148291},
{"learn":[1972.767864],"iteration":843,"passed_time":4.466815854,"remaining_time":0.825619992},
{"learn":[1972.164144],"iteration":844,"passed_time":4.471823944,"remaining_time":0.8202753981},
{"learn":[1970.739035],"iteration":845,"passed_time":4.476989014,"remaining_time":0.8149601751},
{"learn":[1970.183307],"iteration":846,"passed_time":4.483091612,"remaining_time":0.8098146596},
{"learn":[1969.652925],"iteration":847,"passed_time":4.487867847,"remaining_time":0.8044291424},
{"learn":[1968.734421],"iteration":848,"passed_time":4.492783134,"remaining_time":0.7990697918},
{"learn":[1968.323535],"iteration":849,"passed_time":4.499200163,"remaining_time":0.7939764993},
{"learn":[1967.326086],"iteration":850,"passed_time":4.504331902,"remaining_time":0.7886550569},
{"learn":[1966.687709],"iteration":851,"passed_time":4.509025587,"remaining_time":0.7832579658},
{"learn":[1966.065891],"iteration":852,"passed_time":4.515632574,"remaining_time":0.778192249},
{"learn":[1965.713019],"iteration":853,"passed_time":4.520446383,"remaining_time":0.7728163605},
{"learn":[1964.821281],"iteration":854,"passed_time":4.525360788,"remaining_time":0.7674588471},
{"learn":[1963.468293],"iteration":855,"passed_time":4.531583695,"remaining_time":0.7623224907},
{"learn":[1962.342975],"iteration":856,"passed_time":4.536578355,"remaining_time":0.7569786521},
{"learn":[1961.454017],"iteration":857,"passed_time":4.541531761,"remaining_time":0.7516287997},
{"learn":[1960.570338],"iteration":858,"passed_time":4.548030598,"remaining_time":0.746533544},
{"learn":[1959.82962],"iteration":859,"passed_time":4.553117836,"remaining_time":0.7412052292},
{"learn":[1958.496558],"iteration":860,"passed_time":4.558001536,"remaining_time":0.735844615},
{"learn":[1957.67712],"iteration":861,"passed_time":4.564592741,"remaining_time":0.7307584666},
{"learn":[1956.919857],"iteration":862,"passed_time":4.569461944,"remaining_time":0.725395465},
{"learn":[1956.166888],"iteration":863,"passed_time":4.574491127,"remaining_time":0.7200587885},
{"learn":[1955.525922],"iteration":864,"passed_time":4.58129113,"remaining_time":0.7149991936},
{"learn":[1955.339917],"iteration":865,"passed_time":4.586254884,"remaining_time":0.7096514486},
{"learn":[1954.594942],"iteration":866,"passed_time":4.59124688,"remaining_time":0.7043089216},
{"learn":[1953.996482],"iteration":867,"passed_time":4.59788583,"remaining_time":0.6992176608},
{"learn":[1952.94245],"iteration":868,"passed_time":4.603038578,"remaining_time":0.6938987959},
{"learn":[1952.146819],"iteration":869,"passed_time":4.608159067,"remaining_time":0.6885754928},
{"learn":[1951.066512],"iteration":870,"passed_time":4.61431108,"remaining_time":0.6834054297},
{"learn":[1950.155975],"iteration":871,"passed_time":4.619367397,"remaining_time":0.6780722785},
{"learn":[1948.532513],"iteration":872,"passed_time":4.624598536,"remaining_time":0.6727651937},
{"learn":[1947.315252],"iteration":873,"passed_time":4.630236252,"remaining_time":0.6675168968},
{"learn":[1946.874465],"iteration":874,"passed_time":4.63499193,"remaining_time":0.6621417043},
{"learn":[1945.960987],"iteration":875,"passed_time":4.640388555,"remaining_time":0.6568586538},
{"learn":[1945.194625],"iteration":876,"passed_time":4.645556014,"remaining_time":0.6515432038},
{"learn":[1944.732925],"iteration":877,"passed_time":4.65048727,"remaining_time":0.6461952699},
{"learn":[1943.916433],"iteration":878,"passed_time":4.655518987,"remaining_time":0.6408621131},
{"learn":[1943.365029],"iteration":879,"passed_time":4.660493041,"remaining_time":0.6355217783},
{"learn":[1942.532124],"iteration":880,"passed_time":4.665352156,"remaining_time":0.6301667498},
{"learn":[1941.377114],"iteration":881,"passed_time":4.670178572,"remaining_time":0.6248084711},
{"learn":[1939.86933],"iteration":882,"passed_time":4.675481451,"remaining_time":0.6195145297},
{"learn":[1938.237946],"iteration":883,"passed_time":4.680633958,"remaining_time":0.6142008361},
{"learn":[1937.4505],"iteration":884,"passed_time":4.685569592,"remaining_time":0.6088593255},
{"learn":[1936.87494],"iteration":885,"passed_time":4.690920378,"remaining_time":0.6035721479},
{"learn":[1935.30885],"iteration":886,"passed_time":4.696025649,"remaining_time":0.5982535494},
{"learn":[1934.375332],"iteration":887,"passed_time":4.701048591,"remaining_time":0.5929250475},
{"learn":[1933.627908],"iteration":888,"passed_time":4.706175372,"remaining_time":0.5876101983},
{"learn":[1933.533144],"iteration":889,"passed_time":4.710799441,"remaining_time":0.5822336387},
{"learn":[1932.195223],"iteration":890,"passed_time":4.715922795,"remaining_time":0.576919848},
{"learn":[1930.642666],"iteration":891,"passed_time":4.720785847,"remaining_time":0.571574968},
{"learn":[1929.869705],"iteration":892,"passed_time":4.725847539,"remaining_time":0.5662549683},
{"learn":[1928.81077],"iteration":893,"passed_time":4.736770392,"remaining_time":0.561630494},
{"learn":[1927.445312],"iteration":894,"passed_time":4.742390466,"remaining_time":0.5563698313},
{"learn":[1926.705314],"iteration":895,"passed_time":4.747677422,"remaining_time":0.5510697008},
{"learn":[1925.717782],"iteration":896,"passed_time":4.769673571,"remaining_time":0.5476882696},
{"learn":[1924.020938],"iteration":897,"passed_time":4.775372879,"remaining_time":0.5424142914},
{"learn":[1922.891574],"iteration":898,"passed_time":4.780579994,"remaining_time":0.5370840706},
{"learn":[1922.296355],"iteration":899,"passed_time":4.785648134,"remaining_time":0.5317386816},
{"learn":[1920.454581],"iteration":900,"passed_time":4.79226021,"remaining_time":0.5265635525},
{"learn":[1919.684395],"iteration":901,"passed_time":4.797407933,"remaining_time":0.5212261391},
{"learn":[1919.102515],"iteration":902,"passed_time":4.802346753,"remaining_time":0.5158667055},
{"learn":[1917.813268],"iteration":903,"passed_time":4.808496652,"remaining_time":0.5106368126},
{"learn":[1917.187269],"iteration":904,"passed_time":4.813690684,"remaining_time":0.5053045469},
{"learn":[1915.485968],"iteration":905,"passed_time":4.81875463,"remaining_time":0.4999590897},
{"learn":[1914.944473],"iteration":906,"passed_time":4.824793814,"remaining_time":0.4947142499},
{"learn":[1914.286097],"iteration":907,"passed_time":4.829838831,"remaining_time":0.48936693},
{"learn":[1913.167918],"iteration":908,"passed_time":4.834803167,"remaining_time":0.4840121982},
{"learn":[1912.336972],"iteration":909,"passed_time":4.840769523,"remaining_time":0.4787574253},
{"learn":[1911.880853],"iteration":910,"passed_time":4.862702363,"remaining_time":0.4750609334},
{"learn":[1910.41883],"iteration":911,"passed_time":4.867412769,"remaining_time":0.4696626356},
{"learn":[1909.449724],"iteration":912,"passed_time":4.873850775,"remaining_time":0.4644304682},
{"learn":[1907.574462],"iteration":913,"passed_time":4.88037685,"remaining_time":0.4592039487},
{"learn":[1906.130147],"iteration":914,"passed_time":4.88609351,"remaining_time":0.4538993971},
{"learn":[1905.432022],"iteration":915,"passed_time":4.892150225,"remaining_time":0.4486251298},
{"learn":[1904.676586],"iteration":916,"passed_time":4.897124699,"remaining_time":0.4432511996},
{"learn":[1904.016615],"iteration":917,"passed_time":4.90289714,"remaining_time":0.4379494178},
{"learn":[1902.992463],"iteration":918,"passed_time":4.909032177,"remaining_time":0.4326785705},
{"learn":[1902.638271],"iteration":919,"passed_time":4.913926986,"remaining_time":0.4272979988},
{"learn":[1902.039161],"iteration":920,"passed_time":4.91978108,"remaining_time":0.4220007658},
{"learn":[1901.284565],"iteration":921,"passed_time":4.925439003,"remaining_time":0.4166857291},
{"learn":[1900.103489],"iteration":922,"passed_time":4.930593788,"remaining_time":0.4113279758},
{"learn":[1899.129535],"iteration":923,"passed_time":4.936309396,"remaining_time":0.4060167902},
{"learn":[1898.784109],"iteration":924,"passed_time":4.94188833,"remaining_time":0.4006936484},
{"learn":[1897.202588],"iteration":925,"passed_time":4.94699828,"remaining_time":0.3953324759},
{"learn":[1896.176761],"iteration":926,"passed_time":4.953070349,"remaining_time":0.3900476111},
{"learn":[1895.006221],"iteration":927,"passed_time":4.958478959,"remaining_time":0.3847095744},
{"learn":[1893.900123],"iteration":928,"passed_time":4.963737768,"remaining_time":0.3793599371},
{"learn":[1893.046513],"iteration":929,"passed_time":4.970050503,"remaining_time":0.3740898228},
{"learn":[1891.940318],"iteration":930,"passed_time":4.975199619,"remaining_time":0.3687312285},
{"learn":[1891.399114],"iteration":931,"passed_time":4.980155849,"remaining_time":0.3633590105},
{"learn":[1890.153128],"iteration":932,"passed_time":4.986213997,"remaining_time":0.3580668144},
{"learn":[1889.475422],"iteration":933,"passed_time":4.991469751,"remaining_time":0.3527162779},
{"learn":[1888.237391],"iteration":934,"passed_time":4.996254412,"remaining_time":0.3473331944},
{"learn":[1887.60586],"iteration":935,"passed_time":5.002632771,"remaining_time":0.3420603604},
{"learn":[1886.518941],"iteration":936,"passed_time":5.008174482,"remaining_time":0.3367289139},
{"learn":[1885.740962],"iteration":937,"passed_time":5.013240883,"remaining_time":0.3313656021},
{"learn":[1885.104779],"iteration":938,"passed_time":5.019515909,"remaining_time":0.3260814382},
{"learn":[1884.376595],"iteration":939,"passed_time":5.024522286,"remaining_time":0.3207141884},
{"learn":[1883.715772],"iteration":940,"passed_time":5.029221742,"remaining_time":0.315328462},
{"learn":[1883.437627],"iteration":941,"passed_time":5.034969267,"remaining_time":0.3100087235},
{"learn":[1882.352312],"iteration":942,"passed_time":5.040454607,"remaining_time":0.3046722297},
{"learn":[1882.035941],"iteration":943,"passed_time":5.045077594,"remaining_time":0.299284264},
{"learn":[1881.737424],"iteration":944,"passed_time":5.05072615,"remaining_time":0.2939576066},
{"learn":[1881.221426],"iteration":945,"passed_time":5.055914893,"remaining_time":0.2886040214},
{"learn":[1880.857147],"iteration":946,"passed_time":5.06094637,"remaining_time":0.2832419827},
{"learn":[1880.234364],"iteration":947,"passed_time":5.06675747,"remaining_time":0.2779234055},
{"learn":[1879.006682],"iteration":948,"passed_time":5.072030044,"remaining_time":0.2725748496},
{"learn":[1878.145668],"iteration":949,"passed_time":5.07702736,"remaining_time":0.2672119663},
{"learn":[1876.775039],"iteration":950,"passed_time":5.082990436,"remaining_time":0.2618996124},
{"learn":[1876.291148],"iteration":951,"passed_time":5.088725969,"remaining_time":0.2565744186},
{"learn":[1875.632697],"iteration":952,"passed_time":5.093839956,"remaining_time":0.2512177103},
{"learn":[1874.909082],"iteration":953,"passed_time":5.099685569,"remaining_time":0.2458967885},
{"learn":[1874.127404],"iteration":954,"passed_time":5.104984141,"remaining_time":0.2405489909},
{"learn":[1873.161142],"iteration":955,"passed_time":5.110219768,"remaining_time":0.2351983993},
{"learn":[1872.510857],"iteration":956,"passed_time":5.1162195,"remaining_time":0.2298823809},
{"learn":[1871.113853],"iteration":957,"passed_time":5.121505159,"remaining_time":0.2245336291},
{"learn":[1870.331419],"iteration":958,"passed_time":5.126683461,"remaining_time":0.2191804191},
{"learn":[1869.169768],"iteration":959,"passed_time":5.133168103,"remaining_time":0.2138820043},
{"learn":[1868.123687],"iteration":960,"passed_time":5.138454071,"remaining_time":0.2085324753},
{"learn":[1866.634378],"iteration":961,"passed_time":5.143529468,"remaining_time":0.2031747607},
{"learn":[1865.97668],"iteration":962,"passed_time":5.14984377,"remaining_time":0.1978652331},
{"learn":[1865.229064],"iteration":963,"passed_time":5.154704739,"remaining_time":0.1924993471},
{"learn":[1864.672781],"iteration":964,"passed_time":5.159353653,"remaining_time":0.1871268164},
{"learn":[1863.473408],"iteration":965,"passed_time":5.165544216,"remaining_time":0.1818100449},
{"learn":[1862.891204],"iteration":966,"passed_time":5.170628975,"remaining_time":0.1764537292},
{"learn":[1862.611556],"iteration":967,"passed_time":5.187425812,"remaining_time":0.1714851508},
{"learn":[1862.019821],"iteration":968,"passed_time":5.192657302,"remaining_time":0.1661221634},
{"learn":[1861.49135],"iteration":969,"passed_time":5.198374132,"remaining_time":0.1607744577},
{"learn":[1860.30912],"iteration":970,"passed_time":5.203592949,"remaining_time":0.1554111179},
{"learn":[1859.35498],"iteration":971,"passed_time":5.208340351,"remaining_time":0.1500344957},
{"learn":[1857.730786],"iteration":972,"passed_time":5.214573792,"remaining_time":0.1447004033},
{"learn":[1857.469295],"iteration":973,"passed_time":5.219642552,"remaining_time":0.1393333741},
{"learn":[1856.684906],"iteration":974,"passed_time":5.224443833,"remaining_time":0.1339600983},
{"learn":[1856.113676],"iteration":975,"passed_time":5.230409122,"remaining_time":0.1286166178},
{"learn":[1855.803054],"iteration":976,"passed_time":5.235458162,"remaining_time":0.1232502945},
{"learn":[1854.793337],"iteration":977,"passed_time":5.240369521,"remaining_time":0.117881523},
{"learn":[1854.063816],"iteration":978,"passed_time":5.246556618,"remaining_time":0.1125410511},
{"learn":[1853.776074],"iteration":979,"passed_time":5.251618927,"remaining_time":0.1071758965},
{"learn":[1852.596164],"iteration":980,"passed_time":5.256504309,"remaining_time":0.1018079326},
{"learn":[1851.946469],"iteration":981,"passed_time":5.262700593,"remaining_time":0.09646498031},
{"learn":[1851.103343],"iteration":982,"passed_time":5.268122748,"remaining_time":0.09110690408},
{"learn":[1850.285926],"iteration":983,"passed_time":5.273036171,"remaining_time":0.08574042555},
{"learn":[1849.002729],"iteration":984,"passed_time":5.27894537,"remaining_time":0.08039003101},
{"learn":[1848.568011],"iteration":985,"passed_time":5.284503847,"remaining_time":0.07503352318},
{"learn":[1847.108469],"iteration":986,"passed_time":5.289452765,"remaining_time":0.06966857745},
{"learn":[1846.874255],"iteration":987,"passed_time":5.29555896,"remaining_time":0.06431852988},
{"learn":[1845.879145],"iteration":988,"passed_time":5.300923311,"remaining_time":0.05895870214},
{"learn":[1844.693109],"iteration":989,"passed_time":5.306746564,"remaining_time":0.05360350064},
{"learn":[1843.601195],"iteration":990,"passed_time":5.312478219,"remaining_time":0.04824652268},
{"learn":[1842.097588],"iteration":991,"passed_time":5.318018389,"remaining_time":0.04288724507},
{"learn":[1841.295283],"iteration":992,"passed_time":5.323491416,"remaining_time":0.03752712982},
{"learn":[1840.849045],"iteration":993,"passed_time":5.330283494,"remaining_time":0.03217474946},
{"learn":[1840.38017],"iteration":994,"passed_time":5.33534734,"remaining_time":0.02681079065},
{"learn":[1840.048402],"iteration":995,"passed_time":5.341187263,"remaining_time":0.02145055126},
{"learn":[1839.517298],"iteration":996,"passed_time":5.346572902,"remaining_time":0.01608798266},
{"learn":[1838.826233],"iteration":997,"passed_time":5.351562194,"remaining_time":0.01072457354},
{"learn":[1837.742415],"iteration":998,"passed_time":5.358101334,"remaining_time":0.005363464798},
{"learn":[1836.694501],"iteration":999,"passed_time":5.363561201,"remaining_time":0}
]}